Brand,Floor_Type,Grade,Size_cm,Unit,Size_Length_cm,Size_Width_cm,Tile_Area_m2,Price_EGP
Lecico,Porcelain,First,60x120,m2,60.0,120.0,0.72,701
Royal Ceramica,Porcelain,First,60x120,m2,60.0,120.0,0.72,747
Alfa Ceramic,Ceramic,Second,60x60,m2,60.0,60.0,0.36,247
Ceramica Cleopatra,Ceramic,Third,60x60,m2,60.0,60.0,0.36,238
Alfa Ceramic,Ceramic,First,60x60,m2,60.0,60.0,0.36,354
Gemma,Ceramic,First,60x60,m2,60.0,60.0,0.36,284
Gemma,Ceramic,First,60x60,m2,60.0,60.0,0.36,260
Lecico,Ceramic,First,60x60,m2,60.0,60.0,0.36,324
Ceramica Cleopatra,Ceramic,First,60x60,m2,60.0,60.0,0.36,265
Royal Ceramica,Porcelain,First,60x120,m2,60.0,120.0,0.72,751
Ceramica Cleopatra,Porcelain,First,60x120,m2,60.0,120.0,0.72,679
Lecico,Ceramic,First,60x60,m2,60.0,60.0,0.36,372
Alfa Ceramic,Porcelain,First,60x120,m2,60.0,120.0,0.72,884
Gemma,Porcelain,Second,60x120,m2,60.0,120.0,0.72,731
Alfa Ceramic,Porcelain,First,60x120,m2,60.0,120.0,0.72,778
Gemma,Ceramic,Third,60x60,m2,60.0,60.0,0.36,173
Lecico,Porcelain,First,60x120,m2,60.0,120.0,0.72,917
Ceramica Cleopatra,Porcelain,Second,60x120,m2,60.0,120.0,0.72,657
Lecico,Ceramic,Second,60x60,m2,60.0,60.0,0.36,244
Alfa Ceramic,Ceramic,First,60x60,m2,60.0,60.0,0.36,287
Ceramica Cleopatra,Porcelain,First,60x120,m2,60.0,120.0,0.72,746
Ceramica Cleopatra,Porcelain,Third,60x120,m2,60.0,120.0,0.72,452
Royal Ceramica,Porcelain,Second,60x120,m2,60.0,120.0,0.72,531
Alfa Ceramic,Porcelain,Second,60x120,m2,60.0,120.0,0.72,654
Ceramica Cleopatra,Ceramic,First,60x60,m2,60.0,60.0,0.36,322
Gemma,Porcelain,First,60x120,m2,60.0,120.0,0.72,920
Gemma,Porcelain,Third,60x120,m2,60.0,120.0,0.72,460
Ceramica Cleopatra,Porcelain,Second,60x120,m2,60.0,120.0,0.72,623
Gemma,Porcelain,Second,60x120,m2,60.0,120.0,0.72,681
Ceramica Cleopatra,Porcelain,First,60x120,m2,60.0,120.0,0.72,744
Alfa Ceramic,Porcelain,First,60x120,m2,60.0,120.0,0.72,683
Lecico,Ceramic,First,60x60,m2,60.0,60.0,0.36,329
Gemma,Porcelain,First,60x120,m2,60.0,120.0,0.72,821
Lecico,Porcelain,First,60x120,m2,60.0,120.0,0.72,822
Gemma,Ceramic,First,60x60,m2,60.0,60.0,0.36,371
Lecico,Porcelain,First,60x120,m2,60.0,120.0,0.72,794
Ceramica Cleopatra,Ceramic,First,60x60,m2,60.0,60.0,0.36,332
Alfa Ceramic,Ceramic,Third,60x60,m2,60.0,60.0,0.36,205
Gemma,Ceramic,Second,60x60,m2,60.0,60.0,0.36,296
Ceramica Cleopatra,Porcelain,Second,60x120,m2,60.0,120.0,0.72,657
Royal Ceramica,Porcelain,Third,60x120,m2,60.0,120.0,0.72,607
Gemma,Porcelain,First,60x120,m2,60.0,120.0,0.72,687
Alfa Ceramic,Ceramic,First,60x60,m2,60.0,60.0,0.36,317
Royal Ceramica,Porcelain,Second,60x120,m2,60.0,120.0,0.72,539
Gemma,Ceramic,Second,60x60,m2,60.0,60.0,0.36,236
Royal Ceramica,Porcelain,First,60x120,m2,60.0,120.0,0.72,747
Ceramica Cleopatra,Porcelain,Third,60x120,m2,60.0,120.0,0.72,525
Lecico,Porcelain,Second,60x120,m2,60.0,120.0,0.72,586
Alfa Ceramic,Ceramic,Second,60x60,m2,60.0,60.0,0.36,213
Ceramica Cleopatra,Ceramic,First,60x60,m2,60.0,60.0,0.36,334
Lecico,Porcelain,Third,60x120,m2,60.0,120.0,0.72,522
Ceramica Cleopatra,Ceramic,Second,60x60,m2,60.0,60.0,0.36,265
Ceramica Cleopatra,Porcelain,First,60x120,m2,60.0,120.0,0.72,727
Ceramica Cleopatra,Porcelain,Third,60x120,m2,60.0,120.0,0.72,502
Royal Ceramica,Ceramic,First,60x60,m2,60.0,60.0,0.36,371
Alfa Ceramic,Porcelain,First,60x120,m2,60.0,120.0,0.72,839
Gemma,Porcelain,First,60x120,m2,60.0,120.0,0.72,840
Ceramica Cleopatra,Porcelain,First,60x120,m2,60.0,120.0,0.72,698
Gemma,Porcelain,First,60x120,m2,60.0,120.0,0.72,913
Ceramica Cleopatra,Ceramic,First,60x60,m2,60.0,60.0,0.36,332
Gemma,Ceramic,First,60x60,m2,60.0,60.0,0.36,284
Royal Ceramica,Porcelain,First,60x120,m2,60.0,120.0,0.72,934
Lecico,Ceramic,Second,60x60,m2,60.0,60.0,0.36,239
Lecico,Porcelain,First,60x120,m2,60.0,120.0,0.72,855
Royal Ceramica,Ceramic,First,60x60,m2,60.0,60.0,0.36,359
Ceramica Cleopatra,Porcelain,First,60x120,m2,60.0,120.0,0.72,800
Gemma,Ceramic,First,60x60,m2,60.0,60.0,0.36,286
Alfa Ceramic,Ceramic,First,60x60,m2,60.0,60.0,0.36,378
Gemma,Porcelain,First,60x120,m2,60.0,120.0,0.72,869
Gemma,Ceramic,First,60x60,m2,60.0,60.0,0.36,346
Royal Ceramica,Porcelain,Third,60x120,m2,60.0,120.0,0.72,534
Gemma,Porcelain,Second,60x120,m2,60.0,120.0,0.72,534
Royal Ceramica,Porcelain,First,60x120,m2,60.0,120.0,0.72,704
Ceramica Cleopatra,Porcelain,Second,60x120,m2,60.0,120.0,0.72,549
Royal Ceramica,Porcelain,First,60x120,m2,60.0,120.0,0.72,768
Gemma,Ceramic,Third,60x60,m2,60.0,60.0,0.36,201
Alfa Ceramic,Porcelain,First,60x120,m2,60.0,120.0,0.72,676
Ceramica Cleopatra,Ceramic,First,60x60,m2,60.0,60.0,0.36,322
Alfa Ceramic,Ceramic,Third,60x60,m2,60.0,60.0,0.36,204
Alfa Ceramic,Ceramic,Second,60x60,m2,60.0,60.0,0.36,240
Royal Ceramica,Ceramic,Third,60x60,m2,60.0,60.0,0.36,199
Royal Ceramica,Porcelain,Second,60x120,m2,60.0,120.0,0.72,539
Ceramica Cleopatra,Porcelain,First,60x120,m2,60.0,120.0,0.72,826
Royal Ceramica,Porcelain,Third,60x120,m2,60.0,120.0,0.72,520
Ceramica Cleopatra,Porcelain,First,60x120,m2,60.0,120.0,0.72,740
Ceramica Cleopatra,Porcelain,First,60x120,m2,60.0,120.0,0.72,844
Ceramica Cleopatra,Porcelain,Third,60x120,m2,60.0,120.0,0.72,603
Alfa Ceramic,Porcelain,First,60x120,m2,60.0,120.0,0.72,772
Alfa Ceramic,Ceramic,Third,60x60,m2,60.0,60.0,0.36,184
Royal Ceramica,Ceramic,Third,60x60,m2,60.0,60.0,0.36,182
Royal Ceramica,Ceramic,Second,60x60,m2,60.0,60.0,0.36,236
Lecico,Ceramic,Second,60x60,m2,60.0,60.0,0.36,219
Lecico,Ceramic,First,60x60,m2,60.0,60.0,0.36,377
Royal Ceramica,Ceramic,First,60x60,m2,60.0,60.0,0.36,267
Gemma,Porcelain,Second,60x120,m2,60.0,120.0,0.72,731
Alfa Ceramic,Porcelain,First,60x120,m2,60.0,120.0,0.72,772
Alfa Ceramic,Ceramic,Second,60x60,m2,60.0,60.0,0.36,256
Alfa Ceramic,Ceramic,Third,60x60,m2,60.0,60.0,0.36,221
Alfa Ceramic,Porcelain,First,60x120,m2,60.0,120.0,0.72,847
Ceramica Cleopatra,Porcelain,Third,60x120,m2,60.0,120.0,0.72,516
Ceramica Cleopatra,Ceramic,First,60x60,m2,60.0,60.0,0.36,285
Royal Ceramica,Ceramic,Third,60x60,m2,60.0,60.0,0.36,179
Ceramica Cleopatra,Porcelain,First,60x120,m2,60.0,120.0,0.72,904
Ceramica Cleopatra,Ceramic,First,60x60,m2,60.0,60.0,0.36,371
Ceramica Cleopatra,Ceramic,First,60x60,m2,60.0,60.0,0.36,322
Gemma,Porcelain,Third,60x120,m2,60.0,120.0,0.72,440
Royal Ceramica,Ceramic,Second,60x60,m2,60.0,60.0,0.36,221
Gemma,Porcelain,Second,60x120,m2,60.0,120.0,0.72,534
Royal Ceramica,Porcelain,First,60x120,m2,60.0,120.0,0.72,747
Royal Ceramica,Porcelain,First,60x120,m2,60.0,120.0,0.72,835
Ceramica Cleopatra,Ceramic,First,60x60,m2,60.0,60.0,0.36,368
Royal Ceramica,Ceramic,Third,60x60,m2,60.0,60.0,0.36,195
Gemma,Porcelain,First,60x120,m2,60.0,120.0,0.72,913
Royal Ceramica,Porcelain,Third,60x120,m2,60.0,120.0,0.72,497
Ceramica Cleopatra,Ceramic,Second,60x60,m2,60.0,60.0,0.36,264
Royal Ceramica,Porcelain,First,60x120,m2,60.0,120.0,0.72,704
Lecico,Porcelain,Third,60x120,m2,60.0,120.0,0.72,462
Royal Ceramica,Ceramic,First,60x60,m2,60.0,60.0,0.36,327
Gemma,Porcelain,Third,60x120,m2,60.0,120.0,0.72,543
Ceramica Cleopatra,Porcelain,Second,60x120,m2,60.0,120.0,0.72,612
Ceramica Cleopatra,Porcelain,First,60x120,m2,60.0,120.0,0.72,802
Ceramica Cleopatra,Porcelain,Second,60x120,m2,60.0,120.0,0.72,612
Gemma,Porcelain,Second,60x120,m2,60.0,120.0,0.72,564
Ceramica Cleopatra,Porcelain,First,60x120,m2,60.0,120.0,0.72,900
Gemma,Ceramic,Third,60x60,m2,60.0,60.0,0.36,179
Lecico,Porcelain,First,60x120,m2,60.0,120.0,0.72,737
Lecico,Porcelain,Second,60x120,m2,60.0,120.0,0.72,705
Ceramica Cleopatra,Porcelain,First,60x120,m2,60.0,120.0,0.72,740
Alfa Ceramic,Ceramic,Second,60x60,m2,60.0,60.0,0.36,284
Royal Ceramica,Porcelain,First,60x120,m2,60.0,120.0,0.72,762
Alfa Ceramic,Porcelain,Third,60x120,m2,60.0,120.0,0.72,553
Alfa Ceramic,Porcelain,Second,60x120,m2,60.0,120.0,0.72,713
Alfa Ceramic,Ceramic,Second,60x60,m2,60.0,60.0,0.36,256
Gemma,Porcelain,Third,60x120,m2,60.0,120.0,0.72,506
Alfa Ceramic,Porcelain,First,60x120,m2,60.0,120.0,0.72,839
Ceramica Cleopatra,Porcelain,First,60x120,m2,60.0,120.0,0.72,764
Gemma,Porcelain,First,60x120,m2,60.0,120.0,0.72,836
Gemma,Porcelain,Third,60x120,m2,60.0,120.0,0.72,528
Ceramica Cleopatra,Ceramic,First,60x60,m2,60.0,60.0,0.36,371
Ceramica Cleopatra,Porcelain,First,60x120,m2,60.0,120.0,0.72,734
Royal Ceramica,Porcelain,First,60x120,m2,60.0,120.0,0.72,855
Alfa Ceramic,Porcelain,First,60x120,m2,60.0,120.0,0.72,729
Gemma,Porcelain,Third,60x120,m2,60.0,120.0,0.72,506
Lecico,Porcelain,First,60x120,m2,60.0,120.0,0.72,752
Lecico,Porcelain,First,60x120,m2,60.0,120.0,0.72,943
Royal Ceramica,Porcelain,First,60x120,m2,60.0,120.0,0.72,790
Gemma,Porcelain,First,60x120,m2,60.0,120.0,0.72,793
Ceramica Cleopatra,Porcelain,Third,60x120,m2,60.0,120.0,0.72,438
Lecico,Porcelain,Second,60x120,m2,60.0,120.0,0.72,586
Lecico,Porcelain,Third,60x120,m2,60.0,120.0,0.72,509
Alfa Ceramic,Porcelain,Second,60x120,m2,60.0,120.0,0.72,593
Gemma,Porcelain,First,60x120,m2,60.0,120.0,0.72,927
Ceramica Cleopatra,Ceramic,Second,60x60,m2,60.0,60.0,0.36,275
Royal Ceramica,Porcelain,Third,60x120,m2,60.0,120.0,0.72,446
Ceramica Cleopatra,Porcelain,First,60x120,m2,60.0,120.0,0.72,898
Gemma,Porcelain,First,60x120,m2,60.0,120.0,0.72,890
Gemma,Porcelain,First,60x120,m2,60.0,120.0,0.72,850
Alfa Ceramic,Porcelain,Third,60x120,m2,60.0,120.0,0.72,492
Royal Ceramica,Ceramic,Third,60x60,m2,60.0,60.0,0.36,245
Alfa Ceramic,Porcelain,First,60x120,m2,60.0,120.0,0.72,757
Ceramica Cleopatra,Porcelain,First,60x120,m2,60.0,120.0,0.72,900
Alfa Ceramic,Porcelain,First,60x120,m2,60.0,120.0,0.72,884
Lecico,Ceramic,First,60x60,m2,60.0,60.0,0.36,329
Royal Ceramica,Ceramic,First,60x60,m2,60.0,60.0,0.36,359
Ceramica Cleopatra,Ceramic,First,60x60,m2,60.0,60.0,0.36,339
Ceramica Cleopatra,Ceramic,Third,60x60,m2,60.0,60.0,0.36,178
Lecico,Ceramic,First,60x60,m2,60.0,60.0,0.36,298
Lecico,Porcelain,Second,60x120,m2,60.0,120.0,0.72,536
Ceramica Cleopatra,Porcelain,First,60x120,m2,60.0,120.0,0.72,734
Gemma,Porcelain,First,60x120,m2,60.0,120.0,0.72,869
Alfa Ceramic,Porcelain,Second,60x120,m2,60.0,120.0,0.72,525
Lecico,Ceramic,First,60x60,m2,60.0,60.0,0.36,334
Ceramica Cleopatra,Porcelain,First,60x120,m2,60.0,120.0,0.72,808
Lecico,Ceramic,First,60x60,m2,60.0,60.0,0.36,357
Lecico,Porcelain,Third,60x120,m2,60.0,120.0,0.72,563
Alfa Ceramic,Porcelain,First,60x120,m2,60.0,120.0,0.72,839
Alfa Ceramic,Ceramic,Third,60x60,m2,60.0,60.0,0.36,218
Alfa Ceramic,Ceramic,Third,60x60,m2,60.0,60.0,0.36,198
Royal Ceramica,Ceramic,Third,60x60,m2,60.0,60.0,0.36,230
Royal Ceramica,Porcelain,First,60x120,m2,60.0,120.0,0.72,843
Gemma,Ceramic,First,60x60,m2,60.0,60.0,0.36,371
Ceramica Cleopatra,Ceramic,First,60x60,m2,60.0,60.0,0.36,368
Alfa Ceramic,Porcelain,Second,60x120,m2,60.0,120.0,0.72,644
Alfa Ceramic,Ceramic,Second,60x60,m2,60.0,60.0,0.36,283
Gemma,Porcelain,Second,60x120,m2,60.0,120.0,0.72,600
Ceramica Cleopatra,Porcelain,Third,60x120,m2,60.0,120.0,0.72,614
Lecico,Porcelain,First,60x120,m2,60.0,120.0,0.72,794
Royal Ceramica,Ceramic,Third,60x60,m2,60.0,60.0,0.36,179
Ceramica Cleopatra,Porcelain,First,60x120,m2,60.0,120.0,0.72,800
Royal Ceramica,Porcelain,First,60x120,m2,60.0,120.0,0.72,676
Gemma,Porcelain,Second,60x120,m2,60.0,120.0,0.72,748
Ceramica Cleopatra,Ceramic,Second,60x60,m2,60.0,60.0,0.36,244
Ceramica Cleopatra,Ceramic,First,60x60,m2,60.0,60.0,0.36,334
Alfa Ceramic,Ceramic,Third,60x60,m2,60.0,60.0,0.36,184
Ceramica Cleopatra,Ceramic,First,60x60,m2,60.0,60.0,0.36,357
Lecico,Porcelain,First,60x120,m2,60.0,120.0,0.72,658
Lecico,Porcelain,Second,60x120,m2,60.0,120.0,0.72,536
Lecico,Ceramic,Second,60x60,m2,60.0,60.0,0.36,270
Lecico,Ceramic,Second,60x60,m2,60.0,60.0,0.36,279
Royal Ceramica,Porcelain,Third,60x120,m2,60.0,120.0,0.72,446
Ceramica Cleopatra,Porcelain,First,60x120,m2,60.0,120.0,0.72,924
Royal Ceramica,Porcelain,Second,60x120,m2,60.0,120.0,0.72,703
Ceramica Cleopatra,Porcelain,First,60x120,m2,60.0,120.0,0.72,832
Lecico,Porcelain,Third,60x120,m2,60.0,120.0,0.72,509
Lecico,Ceramic,First,60x60,m2,60.0,60.0,0.36,329
Alfa Ceramic,Porcelain,Second,60x120,m2,60.0,120.0,0.72,597
Gemma,Porcelain,Third,60x120,m2,60.0,120.0,0.72,543
Gemma,Ceramic,First,60x60,m2,60.0,60.0,0.36,286
Alfa Ceramic,Porcelain,Second,60x120,m2,60.0,120.0,0.72,702
Royal Ceramica,Porcelain,Third,60x120,m2,60.0,120.0,0.72,520
Gemma,Porcelain,Third,60x120,m2,60.0,120.0,0.72,466
Lecico,Porcelain,Second,60x120,m2,60.0,120.0,0.72,756
Gemma,Ceramic,Second,60x60,m2,60.0,60.0,0.36,248
Gemma,Ceramic,Third,60x60,m2,60.0,60.0,0.36,179
Alfa Ceramic,Porcelain,First,60x120,m2,60.0,120.0,0.72,660
Royal Ceramica,Porcelain,Third,60x120,m2,60.0,120.0,0.72,607
Ceramica Cleopatra,Ceramic,Second,60x60,m2,60.0,60.0,0.36,244
Alfa Ceramic,Porcelain,Second,60x120,m2,60.0,120.0,0.72,600
Ceramica Cleopatra,Porcelain,First,60x120,m2,60.0,120.0,0.72,740
Lecico,Porcelain,First,60x120,m2,60.0,120.0,0.72,672
Ceramica Cleopatra,Ceramic,Third,60x60,m2,60.0,60.0,0.36,235
Ceramica Cleopatra,Ceramic,Third,60x60,m2,60.0,60.0,0.36,178
Lecico,Porcelain,First,60x120,m2,60.0,120.0,0.72,822
Royal Ceramica,Porcelain,First,60x120,m2,60.0,120.0,0.72,793
Royal Ceramica,Porcelain,Second,60x120,m2,60.0,120.0,0.72,613
Lecico,Porcelain,First,60x120,m2,60.0,120.0,0.72,917
Alfa Ceramic,Ceramic,First,60x60,m2,60.0,60.0,0.36,284
Alfa Ceramic,Porcelain,First,60x120,m2,60.0,120.0,0.72,757
Alfa Ceramic,Ceramic,First,60x60,m2,60.0,60.0,0.36,272
Gemma,Porcelain,Third,60x120,m2,60.0,120.0,0.72,596
Royal Ceramica,Ceramic,First,60x60,m2,60.0,60.0,0.36,349
Alfa Ceramic,Ceramic,Second,60x60,m2,60.0,60.0,0.36,213
Alfa Ceramic,Porcelain,First,60x120,m2,60.0,120.0,0.72,885
Lecico,Porcelain,First,60x120,m2,60.0,120.0,0.72,781
Royal Ceramica,Ceramic,Second,60x60,m2,60.0,60.0,0.36,236
Lecico,Porcelain,First,60x120,m2,60.0,120.0,0.72,740
Ceramica Cleopatra,Porcelain,First,60x120,m2,60.0,120.0,0.72,813
Royal Ceramica,Porcelain,First,60x120,m2,60.0,120.0,0.72,676
Gemma,Porcelain,First,60x120,m2,60.0,120.0,0.72,840
Gemma,Porcelain,Second,60x120,m2,60.0,120.0,0.72,655
Royal Ceramica,Porcelain,First,60x120,m2,60.0,120.0,0.72,815
Alfa Ceramic,Porcelain,Second,60x120,m2,60.0,120.0,0.72,644
Royal Ceramica,Ceramic,Second,60x60,m2,60.0,60.0,0.36,264
Ceramica Cleopatra,Ceramic,Second,60x60,m2,60.0,60.0,0.36,264
Alfa Ceramic,Porcelain,First,60x120,m2,60.0,120.0,0.72,885
Gemma,Ceramic,Third,60x60,m2,60.0,60.0,0.36,173
Royal Ceramica,Porcelain,First,60x120,m2,60.0,120.0,0.72,843
Gemma,Ceramic,First,60x60,m2,60.0,60.0,0.36,306
Lecico,Porcelain,Third,60x120,m2,60.0,120.0,0.72,499
Lecico,Porcelain,Third,60x120,m2,60.0,120.0,0.72,442
Lecico,Porcelain,First,60x120,m2,60.0,120.0,0.72,862
Gemma,Ceramic,Third,60x60,m2,60.0,60.0,0.36,211
Royal Ceramica,Ceramic,First,60x60,m2,60.0,60.0,0.36,355
Alfa Ceramic,Porcelain,Third,60x120,m2,60.0,120.0,0.72,443
Lecico,Porcelain,Second,60x120,m2,60.0,120.0,0.72,672
Alfa Ceramic,Ceramic,Second,60x60,m2,60.0,60.0,0.36,262
Royal Ceramica,Ceramic,Second,60x60,m2,60.0,60.0,0.36,221
Lecico,Ceramic,Second,60x60,m2,60.0,60.0,0.36,239
Lecico,Porcelain,First,60x120,m2,60.0,120.0,0.72,658
Gemma,Porcelain,Second,60x120,m2,60.0,120.0,0.72,564
Ceramica Cleopatra,Ceramic,First,60x60,m2,60.0,60.0,0.36,357
Ceramica Cleopatra,Ceramic,First,60x60,m2,60.0,60.0,0.36,268
Alfa Ceramic,Ceramic,Third,60x60,m2,60.0,60.0,0.36,198
Lecico,Porcelain,Third,60x120,m2,60.0,120.0,0.72,499
Lecico,Porcelain,First,60x120,m2,60.0,120.0,0.72,831
Gemma,Porcelain,First,60x120,m2,60.0,120.0,0.72,944
Lecico,Ceramic,First,60x60,m2,60.0,60.0,0.36,303
Alfa Ceramic,Ceramic,Second,60x60,m2,60.0,60.0,0.36,232
Lecico,Porcelain,Third,60x120,m2,60.0,120.0,0.72,466
Ceramica Cleopatra,Porcelain,Third,60x120,m2,60.0,120.0,0.72,614
Ceramica Cleopatra,Ceramic,First,60x60,m2,60.0,60.0,0.36,261
Ceramica Cleopatra,Porcelain,Third,60x120,m2,60.0,120.0,0.72,525
Gemma,Porcelain,First,60x120,m2,60.0,120.0,0.72,769
Ceramica Cleopatra,Ceramic,First,60x60,m2,60.0,60.0,0.36,261
Royal Ceramica,Porcelain,First,60x120,m2,60.0,120.0,0.72,734
Gemma,Porcelain,Third,60x120,m2,60.0,120.0,0.72,544
Ceramica Cleopatra,Porcelain,Third,60x120,m2,60.0,120.0,0.72,452
Gemma,Ceramic,First,60x60,m2,60.0,60.0,0.36,313
Alfa Ceramic,Porcelain,Second,60x120,m2,60.0,120.0,0.72,586
Ceramica Cleopatra,Porcelain,First,60x120,m2,60.0,120.0,0.72,720
Ceramica Cleopatra,Porcelain,First,60x120,m2,60.0,120.0,0.72,934
Ceramica Cleopatra,Porcelain,First,60x120,m2,60.0,120.0,0.72,832
Royal Ceramica,Porcelain,First,60x120,m2,60.0,120.0,0.72,815
Alfa Ceramic,Porcelain,First,60x120,m2,60.0,120.0,0.72,729
Gemma,Ceramic,First,60x60,m2,60.0,60.0,0.36,260
Lecico,Porcelain,Third,60x120,m2,60.0,120.0,0.72,442
Alfa Ceramic,Ceramic,Second,60x60,m2,60.0,60.0,0.36,213
Alfa Ceramic,Ceramic,Second,60x60,m2,60.0,60.0,0.36,283
Lecico,Porcelain,First,60x120,m2,60.0,120.0,0.72,740
Royal Ceramica,Porcelain,First,60x120,m2,60.0,120.0,0.72,734
Royal Ceramica,Porcelain,Second,60x120,m2,60.0,120.0,0.72,528
Lecico,Porcelain,First,60x120,m2,60.0,120.0,0.72,822
Royal Ceramica,Porcelain,First,60x120,m2,60.0,120.0,0.72,768
Alfa Ceramic,Ceramic,First,60x60,m2,60.0,60.0,0.36,354
Alfa Ceramic,Porcelain,Third,60x120,m2,60.0,120.0,0.72,555
Gemma,Ceramic,First,60x60,m2,60.0,60.0,0.36,306
Lecico,Porcelain,First,60x120,m2,60.0,120.0,0.72,852
Alfa Ceramic,Ceramic,First,60x60,m2,60.0,60.0,0.36,284
Gemma,Porcelain,First,60x120,m2,60.0,120.0,0.72,893
Royal Ceramica,Porcelain,First,60x120,m2,60.0,120.0,0.72,844
Ceramica Cleopatra,Ceramic,Third,60x60,m2,60.0,60.0,0.36,235
Gemma,Porcelain,Second,60x120,m2,60.0,120.0,0.72,584
Alfa Ceramic,Porcelain,Second,60x120,m2,60.0,120.0,0.72,586
Lecico,Porcelain,First,60x120,m2,60.0,120.0,0.72,737
Alfa Ceramic,Ceramic,Third,60x60,m2,60.0,60.0,0.36,184
Royal Ceramica,Ceramic,Second,60x60,m2,60.0,60.0,0.36,289
Royal Ceramica,Porcelain,First,60x120,m2,60.0,120.0,0.72,743
Lecico,Ceramic,First,60x60,m2,60.0,60.0,0.36,281
Alfa Ceramic,Porcelain,Third,60x120,m2,60.0,120.0,0.72,443
Gemma,Porcelain,First,60x120,m2,60.0,120.0,0.72,821
Lecico,Porcelain,First,60x120,m2,60.0,120.0,0.72,831
Lecico,Porcelain,Third,60x120,m2,60.0,120.0,0.72,456
Lecico,Ceramic,First,60x60,m2,60.0,60.0,0.36,334
Alfa Ceramic,Porcelain,Second,60x120,m2,60.0,120.0,0.72,545
Ceramica Cleopatra,Porcelain,Third,60x120,m2,60.0,120.0,0.72,438
Alfa Ceramic,Porcelain,First,60x120,m2,60.0,120.0,0.72,650
Lecico,Porcelain,First,60x120,m2,60.0,120.0,0.72,716
Royal Ceramica,Porcelain,First,60x120,m2,60.0,120.0,0.72,670
Lecico,Ceramic,Third,60x60,m2,60.0,60.0,0.36,196
Lecico,Porcelain,Third,60x120,m2,60.0,120.0,0.72,462
Lecico,Porcelain,First,60x120,m2,60.0,120.0,0.72,701
Lecico,Ceramic,Second,60x60,m2,60.0,60.0,0.36,267
Gemma,Porcelain,Third,60x120,m2,60.0,120.0,0.72,596
Gemma,Porcelain,First,60x120,m2,60.0,120.0,0.72,947
Ceramica Cleopatra,Porcelain,Third,60x120,m2,60.0,120.0,0.72,525
Royal Ceramica,Porcelain,Second,60x120,m2,60.0,120.0,0.72,694
Ceramica Cleopatra,Porcelain,Second,60x120,m2,60.0,120.0,0.72,552
Alfa Ceramic,Porcelain,First,60x120,m2,60.0,120.0,0.72,650
Ceramica Cleopatra,Porcelain,First,60x120,m2,60.0,120.0,0.72,744
Ceramica Cleopatra,Porcelain,First,60x120,m2,60.0,120.0,0.72,720
Gemma,Porcelain,Third,60x120,m2,60.0,120.0,0.72,543
Royal Ceramica,Ceramic,Second,60x60,m2,60.0,60.0,0.36,299
Royal Ceramica,Ceramic,First,60x60,m2,60.0,60.0,0.36,349
Gemma,Ceramic,Second,60x60,m2,60.0,60.0,0.36,265
Lecico,Ceramic,Second,60x60,m2,60.0,60.0,0.36,270
Gemma,Porcelain,First,60x120,m2,60.0,120.0,0.72,890
Alfa Ceramic,Porcelain,Third,60x120,m2,60.0,120.0,0.72,555
Lecico,Ceramic,First,60x60,m2,60.0,60.0,0.36,328
Lecico,Ceramic,Third,60x60,m2,60.0,60.0,0.36,196
Alfa Ceramic,Ceramic,First,60x60,m2,60.0,60.0,0.36,263
Ceramica Cleopatra,Porcelain,First,60x120,m2,60.0,120.0,0.72,904
Royal Ceramica,Ceramic,Third,60x60,m2,60.0,60.0,0.36,199
Royal Ceramica,Ceramic,Third,60x60,m2,60.0,60.0,0.36,182
Lecico,Ceramic,Second,60x60,m2,60.0,60.0,0.36,219
Alfa Ceramic,Ceramic,First,60x60,m2,60.0,60.0,0.36,263
Ceramica Cleopatra,Porcelain,First,60x120,m2,60.0,120.0,0.72,898
Royal Ceramica,Ceramic,First,60x60,m2,60.0,60.0,0.36,279
Royal Ceramica,Porcelain,Second,60x120,m2,60.0,120.0,0.72,674
Alfa Ceramic,Porcelain,First,60x120,m2,60.0,120.0,0.72,847
Gemma,Porcelain,Third,60x120,m2,60.0,120.0,0.72,559
Royal Ceramica,Ceramic,First,60x60,m2,60.0,60.0,0.36,276
Lecico,Porcelain,Second,60x120,m2,60.0,120.0,0.72,667
Ceramica Cleopatra,Ceramic,Second,60x60,m2,60.0,60.0,0.36,275
Ceramica Cleopatra,Porcelain,First,60x120,m2,60.0,120.0,0.72,808
Ceramica Cleopatra,Ceramic,Second,60x60,m2,60.0,60.0,0.36,275
Lecico,Porcelain,Third,60x120,m2,60.0,120.0,0.72,600
Gemma,Porcelain,Third,60x120,m2,60.0,120.0,0.72,496
Ceramica Cleopatra,Porcelain,Third,60x120,m2,60.0,120.0,0.72,502
Alfa Ceramic,Porcelain,Second,60x120,m2,60.0,120.0,0.72,654
Gemma,Porcelain,First,60x120,m2,60.0,120.0,0.72,835
Lecico,Ceramic,Second,60x60,m2,60.0,60.0,0.36,236
Lecico,Porcelain,Second,60x120,m2,60.0,120.0,0.72,756
Alfa Ceramic,Porcelain,Second,60x120,m2,60.0,120.0,0.72,737
Royal Ceramica,Porcelain,First,60x120,m2,60.0,120.0,0.72,782
Gemma,Ceramic,First,60x60,m2,60.0,60.0,0.36,313
Royal Ceramica,Porcelain,Second,60x120,m2,60.0,120.0,0.72,716
Lecico,Porcelain,Third,60x120,m2,60.0,120.0,0.72,453
Gemma,Porcelain,Third,60x120,m2,60.0,120.0,0.72,438
Gemma,Porcelain,Third,60x120,m2,60.0,120.0,0.72,466
Gemma,Porcelain,Third,60x120,m2,60.0,120.0,0.72,440
Lecico,Porcelain,Third,60x120,m2,60.0,120.0,0.72,600
Lecico,Porcelain,First,60x120,m2,60.0,120.0,0.72,672
Ceramica Cleopatra,Ceramic,First,60x60,m2,60.0,60.0,0.36,265
Gemma,Porcelain,First,60x120,m2,60.0,120.0,0.72,869
Lecico,Porcelain,Second,60x120,m2,60.0,120.0,0.72,547
Alfa Ceramic,Porcelain,Second,60x120,m2,60.0,120.0,0.72,664
Alfa Ceramic,Porcelain,First,60x120,m2,60.0,120.0,0.72,884
Gemma,Porcelain,First,60x120,m2,60.0,120.0,0.72,876
Gemma,Ceramic,First,60x60,m2,60.0,60.0,0.36,278
Royal Ceramica,Porcelain,Third,60x120,m2,60.0,120.0,0.72,534
Royal Ceramica,Porcelain,First,60x120,m2,60.0,120.0,0.72,811
Ceramica Cleopatra,Ceramic,Third,60x60,m2,60.0,60.0,0.36,245
Ceramica Cleopatra,Porcelain,Second,60x120,m2,60.0,120.0,0.72,657
Alfa Ceramic,Porcelain,Second,60x120,m2,60.0,120.0,0.72,750
Royal Ceramica,Ceramic,First,60x60,m2,60.0,60.0,0.36,276
Gemma,Ceramic,First,60x60,m2,60.0,60.0,0.36,260
Lecico,Porcelain,Second,60x120,m2,60.0,120.0,0.72,554
Lecico,Ceramic,First,60x60,m2,60.0,60.0,0.36,303
Gemma,Porcelain,Third,60x120,m2,60.0,120.0,0.72,559
Alfa Ceramic,Porcelain,Second,60x120,m2,60.0,120.0,0.72,737
Lecico,Porcelain,Second,60x120,m2,60.0,120.0,0.72,547
Gemma,Porcelain,Third,60x120,m2,60.0,120.0,0.72,460
Gemma,Ceramic,Second,60x60,m2,60.0,60.0,0.36,236
Gemma,Ceramic,Second,60x60,m2,60.0,60.0,0.36,248
Alfa Ceramic,Porcelain,Second,60x120,m2,60.0,120.0,0.72,540
Lecico,Porcelain,First,60x120,m2,60.0,120.0,0.72,716
Ceramica Cleopatra,Ceramic,First,60x60,m2,60.0,60.0,0.36,268
Royal Ceramica,Ceramic,Second,60x60,m2,60.0,60.0,0.36,289
Gemma,Porcelain,First,60x120,m2,60.0,120.0,0.72,856
Ceramica Cleopatra,Porcelain,First,60x120,m2,60.0,120.0,0.72,801
Ceramica Cleopatra,Porcelain,Third,60x120,m2,60.0,120.0,0.72,502
Lecico,Porcelain,Third,60x120,m2,60.0,120.0,0.72,563
Gemma,Porcelain,Second,60x120,m2,60.0,120.0,0.72,655
Lecico,Ceramic,First,60x60,m2,60.0,60.0,0.36,324
Alfa Ceramic,Ceramic,Second,60x60,m2,60.0,60.0,0.36,232
Alfa Ceramic,Porcelain,First,60x120,m2,60.0,120.0,0.72,858
Alfa Ceramic,Porcelain,Second,60x120,m2,60.0,120.0,0.72,600
Alfa Ceramic,Ceramic,First,60x60,m2,60.0,60.0,0.36,378
Alfa Ceramic,Porcelain,Third,60x120,m2,60.0,120.0,0.72,553
Royal Ceramica,Porcelain,Second,60x120,m2,60.0,120.0,0.72,724
Gemma,Ceramic,Second,60x60,m2,60.0,60.0,0.36,296
Alfa Ceramic,Porcelain,Second,60x120,m2,60.0,120.0,0.72,545
Gemma,Ceramic,First,60x60,m2,60.0,60.0,0.36,346
Lecico,Ceramic,Third,60x60,m2,60.0,60.0,0.36,169
Lecico,Porcelain,Second,60x120,m2,60.0,120.0,0.72,536
Ceramica Cleopatra,Porcelain,Second,60x120,m2,60.0,120.0,0.72,642
Alfa Ceramic,Porcelain,Second,60x120,m2,60.0,120.0,0.72,597
Gemma,Ceramic,Second,60x60,m2,60.0,60.0,0.36,261
Royal Ceramica,Porcelain,Second,60x120,m2,60.0,120.0,0.72,716
Alfa Ceramic,Porcelain,First,60x120,m2,60.0,120.0,0.72,729
Ceramica Cleopatra,Porcelain,First,60x120,m2,60.0,120.0,0.72,924
Gemma,Porcelain,First,60x120,m2,60.0,120.0,0.72,856
Alfa Ceramic,Porcelain,Second,60x120,m2,60.0,120.0,0.72,540
Ceramica Cleopatra,Porcelain,First,60x120,m2,60.0,120.0,0.72,934
Gemma,Porcelain,First,60x120,m2,60.0,120.0,0.72,687
Gemma,Ceramic,Second,60x60,m2,60.0,60.0,0.36,261
Lecico,Porcelain,First,60x120,m2,60.0,120.0,0.72,690
Ceramica Cleopatra,Porcelain,Third,60x120,m2,60.0,120.0,0.72,516
Ceramica Cleopatra,Ceramic,First,60x60,m2,60.0,60.0,0.36,332
Ceramica Cleopatra,Ceramic,Second,60x60,m2,60.0,60.0,0.36,244
Royal Ceramica,Ceramic,Third,60x60,m2,60.0,60.0,0.36,195
Lecico,Porcelain,Second,60x120,m2,60.0,120.0,0.72,652
Royal Ceramica,Porcelain,First,60x120,m2,60.0,120.0,0.72,845
Ceramica Cleopatra,Ceramic,Second,60x60,m2,60.0,60.0,0.36,224
Gemma,Porcelain,First,60x120,m2,60.0,120.0,0.72,913
Ceramica Cleopatra,Porcelain,Second,60x120,m2,60.0,120.0,0.72,572
Royal Ceramica,Ceramic,First,60x60,m2,60.0,60.0,0.36,279
Gemma,Ceramic,First,60x60,m2,60.0,60.0,0.36,321
Lecico,Ceramic,First,60x60,m2,60.0,60.0,0.36,346
Ceramica Cleopatra,Porcelain,Third,60x120,m2,60.0,120.0,0.72,603
Gemma,Porcelain,First,60x120,m2,60.0,120.0,0.72,840
Ceramica Cleopatra,Ceramic,Second,60x60,m2,60.0,60.0,0.36,224
Ceramica Cleopatra,Ceramic,Second,60x60,m2,60.0,60.0,0.36,224
Royal Ceramica,Ceramic,Third,60x60,m2,60.0,60.0,0.36,226
Alfa Ceramic,Porcelain,Third,60x120,m2,60.0,120.0,0.72,508
Lecico,Ceramic,Second,60x60,m2,60.0,60.0,0.36,253
Alfa Ceramic,Ceramic,First,60x60,m2,60.0,60.0,0.36,317
Alfa Ceramic,Ceramic,Third,60x60,m2,60.0,60.0,0.36,204
Ceramica Cleopatra,Porcelain,First,60x120,m2,60.0,120.0,0.72,746
Gemma,Ceramic,First,60x60,m2,60.0,60.0,0.36,321
Royal Ceramica,Porcelain,First,60x120,m2,60.0,120.0,0.72,734
Gemma,Ceramic,First,60x60,m2,60.0,60.0,0.36,278
Alfa Ceramic,Porcelain,Third,60x120,m2,60.0,120.0,0.72,612
Royal Ceramica,Porcelain,First,60x120,m2,60.0,120.0,0.72,704
Lecico,Porcelain,First,60x120,m2,60.0,120.0,0.72,728
Ceramica Cleopatra,Porcelain,First,60x120,m2,60.0,120.0,0.72,801
Royal Ceramica,Ceramic,First,60x60,m2,60.0,60.0,0.36,267
Royal Ceramica,Porcelain,Second,60x120,m2,60.0,120.0,0.72,674
Gemma,Porcelain,First,60x120,m2,60.0,120.0,0.72,947
Gemma,Porcelain,Third,60x120,m2,60.0,120.0,0.72,559
Alfa Ceramic,Ceramic,Third,60x60,m2,60.0,60.0,0.36,221
Royal Ceramica,Porcelain,First,60x120,m2,60.0,120.0,0.72,743
Alfa Ceramic,Porcelain,Third,60x120,m2,60.0,120.0,0.72,492
Royal Ceramica,Ceramic,Second,60x60,m2,60.0,60.0,0.36,299
Alfa Ceramic,Ceramic,Second,60x60,m2,60.0,60.0,0.36,284
Royal Ceramica,Ceramic,First,60x60,m2,60.0,60.0,0.36,276
Ceramica Cleopatra,Ceramic,First,60x60,m2,60.0,60.0,0.36,330
Gemma,Ceramic,First,60x60,m2,60.0,60.0,0.36,358
Lecico,Porcelain,Second,60x120,m2,60.0,120.0,0.72,730
Alfa Ceramic,Porcelain,Second,60x120,m2,60.0,120.0,0.72,600
Lecico,Ceramic,First,60x60,m2,60.0,60.0,0.36,270
Alfa Ceramic,Porcelain,First,60x120,m2,60.0,120.0,0.72,657
Gemma,Porcelain,Third,60x120,m2,60.0,120.0,0.72,528
Royal Ceramica,Porcelain,First,60x120,m2,60.0,120.0,0.72,855
Lecico,Ceramic,Second,60x60,m2,60.0,60.0,0.36,236
Royal Ceramica,Ceramic,First,60x60,m2,60.0,60.0,0.36,371
Gemma,Ceramic,Second,60x60,m2,60.0,60.0,0.36,280
Royal Ceramica,Porcelain,First,60x120,m2,60.0,120.0,0.72,757
Lecico,Porcelain,First,60x120,m2,60.0,120.0,0.72,752
Royal Ceramica,Ceramic,Third,60x60,m2,60.0,60.0,0.36,182
Lecico,Porcelain,Second,60x120,m2,60.0,120.0,0.72,531
Alfa Ceramic,Porcelain,First,60x120,m2,60.0,120.0,0.72,858
Gemma,Porcelain,Third,60x120,m2,60.0,120.0,0.72,592
Lecico,Porcelain,Second,60x120,m2,60.0,120.0,0.72,672
Alfa Ceramic,Porcelain,First,60x120,m2,60.0,120.0,0.72,767
Alfa Ceramic,Ceramic,Second,60x60,m2,60.0,60.0,0.36,247
Ceramica Cleopatra,Porcelain,First,60x120,m2,60.0,120.0,0.72,727
Lecico,Porcelain,Third,60x120,m2,60.0,120.0,0.72,550
Alfa Ceramic,Porcelain,Second,60x120,m2,60.0,120.0,0.72,525
Ceramica Cleopatra,Porcelain,Second,60x120,m2,60.0,120.0,0.72,552
Royal Ceramica,Ceramic,Second,60x60,m2,60.0,60.0,0.36,264
Lecico,Porcelain,Third,60x120,m2,60.0,120.0,0.72,522
Ceramica Cleopatra,Ceramic,First,60x60,m2,60.0,60.0,0.36,265
Lecico,Porcelain,First,60x120,m2,60.0,120.0,0.72,740
Lecico,Porcelain,Third,60x120,m2,60.0,120.0,0.72,568
Lecico,Porcelain,Second,60x120,m2,60.0,120.0,0.72,667
Gemma,Porcelain,Second,60x120,m2,60.0,120.0,0.72,584
Gemma,Ceramic,Second,60x60,m2,60.0,60.0,0.36,280
Ceramica Cleopatra,Porcelain,First,60x120,m2,60.0,120.0,0.72,770
Royal Ceramica,Porcelain,Third,60x120,m2,60.0,120.0,0.72,534
Gemma,Porcelain,First,60x120,m2,60.0,120.0,0.72,947
Ceramica Cleopatra,Porcelain,First,60x120,m2,60.0,120.0,0.72,813
Alfa Ceramic,Ceramic,Second,60x60,m2,60.0,60.0,0.36,240
Gemma,Ceramic,Third,60x60,m2,60.0,60.0,0.36,173
Royal Ceramica,Ceramic,Third,60x60,m2,60.0,60.0,0.36,230
Alfa Ceramic,Porcelain,First,60x120,m2,60.0,120.0,0.72,676
Gemma,Porcelain,Third,60x120,m2,60.0,120.0,0.72,496
Gemma,Porcelain,Third,60x120,m2,60.0,120.0,0.72,438
Alfa Ceramic,Porcelain,Third,60x120,m2,60.0,120.0,0.72,612
Ceramica Cleopatra,Porcelain,First,60x120,m2,60.0,120.0,0.72,844
Ceramica Cleopatra,Ceramic,Third,60x60,m2,60.0,60.0,0.36,238
Royal Ceramica,Ceramic,First,60x60,m2,60.0,60.0,0.36,371
Lecico,Porcelain,First,60x120,m2,60.0,120.0,0.72,943
Ceramica Cleopatra,Porcelain,First,60x120,m2,60.0,120.0,0.72,924
Royal Ceramica,Porcelain,First,60x120,m2,60.0,120.0,0.72,790
Ceramica Cleopatra,Porcelain,Third,60x120,m2,60.0,120.0,0.72,574
Royal Ceramica,Porcelain,First,60x120,m2,60.0,120.0,0.72,835
Lecico,Ceramic,First,60x60,m2,60.0,60.0,0.36,377
Ceramica Cleopatra,Ceramic,Third,60x60,m2,60.0,60.0,0.36,238
Lecico,Porcelain,First,60x120,m2,60.0,120.0,0.72,855
Alfa Ceramic,Ceramic,Second,60x60,m2,60.0,60.0,0.36,256
Ceramica Cleopatra,Porcelain,First,60x120,m2,60.0,120.0,0.72,800
Lecico,Ceramic,Second,60x60,m2,60.0,60.0,0.36,240
Royal Ceramica,Porcelain,First,60x120,m2,60.0,120.0,0.72,757
Ceramica Cleopatra,Porcelain,First,60x120,m2,60.0,120.0,0.72,934
Ceramica Cleopatra,Ceramic,Second,60x60,m2,60.0,60.0,0.36,264
Alfa Ceramic,Porcelain,First,60x120,m2,60.0,120.0,0.72,767
Lecico,Porcelain,Third,60x120,m2,60.0,120.0,0.72,453
Lecico,Porcelain,Second,60x120,m2,60.0,120.0,0.72,705
Lecico,Porcelain,Third,60x120,m2,60.0,120.0,0.72,466
Royal Ceramica,Porcelain,First,60x120,m2,60.0,120.0,0.72,855
Gemma,Porcelain,First,60x120,m2,60.0,120.0,0.72,893
Royal Ceramica,Porcelain,First,60x120,m2,60.0,120.0,0.72,782
Ceramica Cleopatra,Ceramic,First,60x60,m2,60.0,60.0,0.36,339
Ceramica Cleopatra,Ceramic,Second,60x60,m2,60.0,60.0,0.36,265
Royal Ceramica,Porcelain,Third,60x120,m2,60.0,120.0,0.72,520
Royal Ceramica,Porcelain,First,60x120,m2,60.0,120.0,0.72,762
Gemma,Porcelain,First,60x120,m2,60.0,120.0,0.72,944
Lecico,Ceramic,First,60x60,m2,60.0,60.0,0.36,372
Alfa Ceramic,Porcelain,Third,60x120,m2,60.0,120.0,0.72,492
Ceramica Cleopatra,Porcelain,Second,60x120,m2,60.0,120.0,0.72,549
Lecico,Porcelain,Third,60x120,m2,60.0,120.0,0.72,499
Gemma,Porcelain,First,60x120,m2,60.0,120.0,0.72,890
Gemma,Porcelain,Third,60x120,m2,60.0,120.0,0.72,592
Gemma,Porcelain,First,60x120,m2,60.0,120.0,0.72,819
Alfa Ceramic,Ceramic,First,60x60,m2,60.0,60.0,0.36,284
Royal Ceramica,Porcelain,Second,60x120,m2,60.0,120.0,0.72,645
Lecico,Ceramic,First,60x60,m2,60.0,60.0,0.36,372
Alfa Ceramic,Ceramic,Second,60x60,m2,60.0,60.0,0.36,208
Ceramica Cleopatra,Ceramic,Third,60x60,m2,60.0,60.0,0.36,178
Gemma,Ceramic,Second,60x60,m2,60.0,60.0,0.36,296
Lecico,Porcelain,Second,60x120,m2,60.0,120.0,0.72,554
Royal Ceramica,Porcelain,First,60x120,m2,60.0,120.0,0.72,670
Ceramica Cleopatra,Porcelain,First,60x120,m2,60.0,120.0,0.72,802
Alfa Ceramic,Porcelain,Second,60x120,m2,60.0,120.0,0.72,713
Gemma,Porcelain,Second,60x120,m2,60.0,120.0,0.72,748
Ceramica Cleopatra,Porcelain,First,60x120,m2,60.0,120.0,0.72,802
Lecico,Porcelain,Second,60x120,m2,60.0,120.0,0.72,586
Lecico,Ceramic,Second,60x60,m2,60.0,60.0,0.36,253
Lecico,Porcelain,Second,60x120,m2,60.0,120.0,0.72,531
Lecico,Ceramic,Third,60x60,m2,60.0,60.0,0.36,169
Lecico,Ceramic,First,60x60,m2,60.0,60.0,0.36,346
Lecico,Ceramic,First,60x60,m2,60.0,60.0,0.36,324
Royal Ceramica,Porcelain,First,60x120,m2,60.0,120.0,0.72,757
Lecico,Porcelain,Second,60x120,m2,60.0,120.0,0.72,547
Alfa Ceramic,Ceramic,Second,60x60,m2,60.0,60.0,0.36,284
Lecico,Porcelain,First,60x120,m2,60.0,120.0,0.72,837
Gemma,Porcelain,First,60x120,m2,60.0,120.0,0.72,850
Royal Ceramica,Porcelain,First,60x120,m2,60.0,120.0,0.72,748
Lecico,Ceramic,First,60x60,m2,60.0,60.0,0.36,279
Royal Ceramica,Porcelain,First,60x120,m2,60.0,120.0,0.72,844
Lecico,Porcelain,Second,60x120,m2,60.0,120.0,0.72,531
Gemma,Ceramic,First,60x60,m2,60.0,60.0,0.36,284
Royal Ceramica,Ceramic,Third,60x60,m2,60.0,60.0,0.36,245
Lecico,Ceramic,First,60x60,m2,60.0,60.0,0.36,360
Alfa Ceramic,Ceramic,Third,60x60,m2,60.0,60.0,0.36,205
Ceramica Cleopatra,Ceramic,Third,60x60,m2,60.0,60.0,0.36,172
Ceramica Cleopatra,Ceramic,Third,60x60,m2,60.0,60.0,0.36,232
Gemma,Ceramic,First,60x60,m2,60.0,60.0,0.36,355
Lecico,Ceramic,First,60x60,m2,60.0,60.0,0.36,298
Alfa Ceramic,Porcelain,First,60x120,m2,60.0,120.0,0.72,657
Royal Ceramica,Ceramic,First,60x60,m2,60.0,60.0,0.36,349
Lecico,Ceramic,Second,60x60,m2,60.0,60.0,0.36,267
Ceramica Cleopatra,Ceramic,Third,60x60,m2,60.0,60.0,0.36,174
Lecico,Porcelain,First,60x120,m2,60.0,120.0,0.72,855
Lecico,Ceramic,Second,60x60,m2,60.0,60.0,0.36,240
Gemma,Ceramic,First,60x60,m2,60.0,60.0,0.36,321
Lecico,Ceramic,First,60x60,m2,60.0,60.0,0.36,360
Ceramica Cleopatra,Porcelain,Second,60x120,m2,60.0,120.0,0.72,699
Royal Ceramica,Porcelain,First,60x120,m2,60.0,120.0,0.72,751
Royal Ceramica,Porcelain,First,60x120,m2,60.0,120.0,0.72,704
Alfa Ceramic,Ceramic,Third,60x60,m2,60.0,60.0,0.36,198
Royal Ceramica,Porcelain,First,60x120,m2,60.0,120.0,0.72,743
Alfa Ceramic,Ceramic,Second,60x60,m2,60.0,60.0,0.36,208
Ceramica Cleopatra,Porcelain,First,60x120,m2,60.0,120.0,0.72,813
Royal Ceramica,Ceramic,First,60x60,m2,60.0,60.0,0.36,267
Ceramica Cleopatra,Porcelain,Third,60x120,m2,60.0,120.0,0.72,438
Alfa Ceramic,Porcelain,First,60x120,m2,60.0,120.0,0.72,847
Lecico,Porcelain,First,60x120,m2,60.0,120.0,0.72,672
Gemma,Ceramic,Second,60x60,m2,60.0,60.0,0.36,272
Royal Ceramica,Ceramic,First,60x60,m2,60.0,60.0,0.36,359
Ceramica Cleopatra,Porcelain,First,60x120,m2,60.0,120.0,0.72,801
Royal Ceramica,Porcelain,First,60x120,m2,60.0,120.0,0.72,689
Lecico,Porcelain,First,60x120,m2,60.0,120.0,0.72,862
Ceramica Cleopatra,Porcelain,Second,60x120,m2,60.0,120.0,0.72,572
Royal Ceramica,Ceramic,Third,60x60,m2,60.0,60.0,0.36,199
Royal Ceramica,Porcelain,Third,60x120,m2,60.0,120.0,0.72,497
Ceramica Cleopatra,Porcelain,Second,60x120,m2,60.0,120.0,0.72,642
Gemma,Ceramic,Second,60x60,m2,60.0,60.0,0.36,236
Lecico,Ceramic,Second,60x60,m2,60.0,60.0,0.36,279
Ceramica Cleopatra,Porcelain,Second,60x120,m2,60.0,120.0,0.72,623
Ceramica Cleopatra,Ceramic,Third,60x60,m2,60.0,60.0,0.36,174
Ceramica Cleopatra,Ceramic,Second,60x60,m2,60.0,60.0,0.36,265
Lecico,Porcelain,Third,60x120,m2,60.0,120.0,0.72,456
Alfa Ceramic,Porcelain,First,60x120,m2,60.0,120.0,0.72,672
Lecico,Ceramic,Second,60x60,m2,60.0,60.0,0.36,279
Gemma,Porcelain,First,60x120,m2,60.0,120.0,0.72,893
Lecico,Ceramic,Third,60x60,m2,60.0,60.0,0.36,169
Gemma,Porcelain,Second,60x120,m2,60.0,120.0,0.72,748
Gemma,Porcelain,First,60x120,m2,60.0,120.0,0.72,687
Royal Ceramica,Ceramic,Second,60x60,m2,60.0,60.0,0.36,236
Alfa Ceramic,Porcelain,First,60x120,m2,60.0,120.0,0.72,672
Alfa Ceramic,Porcelain,First,60x120,m2,60.0,120.0,0.72,660
Gemma,Porcelain,Second,60x120,m2,60.0,120.0,0.72,600
Royal Ceramica,Porcelain,Second,60x120,m2,60.0,120.0,0.72,539
Alfa Ceramic,Porcelain,Second,60x120,m2,60.0,120.0,0.72,664
Royal Ceramica,Porcelain,Second,60x120,m2,60.0,120.0,0.72,703
Gemma,Porcelain,First,60x120,m2,60.0,120.0,0.72,793
Gemma,Ceramic,First,60x60,m2,60.0,60.0,0.36,355
Ceramica Cleopatra,Porcelain,Second,60x120,m2,60.0,120.0,0.72,549
Alfa Ceramic,Porcelain,Second,60x120,m2,60.0,120.0,0.72,593
Alfa Ceramic,Porcelain,Third,60x120,m2,60.0,120.0,0.72,460
Alfa Ceramic,Ceramic,Second,60x60,m2,60.0,60.0,0.36,208
Ceramica Cleopatra,Porcelain,First,60x120,m2,60.0,120.0,0.72,770
Lecico,Ceramic,Second,60x60,m2,60.0,60.0,0.36,240
Ceramica Cleopatra,Porcelain,Second,60x120,m2,60.0,120.0,0.72,699
Lecico,Porcelain,First,60x120,m2,60.0,120.0,0.72,781
Gemma,Porcelain,Second,60x120,m2,60.0,120.0,0.72,655
Lecico,Ceramic,Third,60x60,m2,60.0,60.0,0.36,196
Gemma,Ceramic,Third,60x60,m2,60.0,60.0,0.36,172
Royal Ceramica,Porcelain,Second,60x120,m2,60.0,120.0,0.72,528
Royal Ceramica,Porcelain,First,60x120,m2,60.0,120.0,0.72,670
Gemma,Porcelain,Second,60x120,m2,60.0,120.0,0.72,584
Ceramica Cleopatra,Porcelain,First,60x120,m2,60.0,120.0,0.72,679
Royal Ceramica,Ceramic,Third,60x60,m2,60.0,60.0,0.36,235
Royal Ceramica,Porcelain,Second,60x120,m2,60.0,120.0,0.72,724
Royal Ceramica,Ceramic,Third,60x60,m2,60.0,60.0,0.36,221
Royal Ceramica,Porcelain,Second,60x120,m2,60.0,120.0,0.72,694
Royal Ceramica,Ceramic,Third,60x60,m2,60.0,60.0,0.36,221
Gemma,Porcelain,Third,60x120,m2,60.0,120.0,0.72,460
Lecico,Ceramic,First,60x60,m2,60.0,60.0,0.36,279
Alfa Ceramic,Porcelain,Second,60x120,m2,60.0,120.0,0.72,540
Royal Ceramica,Ceramic,Third,60x60,m2,60.0,60.0,0.36,221
Gemma,Ceramic,Second,60x60,m2,60.0,60.0,0.36,233
Ceramica Cleopatra,Ceramic,First,60x60,m2,60.0,60.0,0.36,371
Gemma,Porcelain,First,60x120,m2,60.0,120.0,0.72,920
Alfa Ceramic,Ceramic,First,60x60,m2,60.0,60.0,0.36,378
Alfa Ceramic,Porcelain,Third,60x120,m2,60.0,120.0,0.72,494
Lecico,Porcelain,First,60x120,m2,60.0,120.0,0.72,917
Royal Ceramica,Porcelain,Third,60x120,m2,60.0,120.0,0.72,569
Lecico,Ceramic,First,60x60,m2,60.0,60.0,0.36,281
Gemma,Porcelain,First,60x120,m2,60.0,120.0,0.72,769
Royal Ceramica,Porcelain,Third,60x120,m2,60.0,120.0,0.72,607
Ceramica Cleopatra,Porcelain,First,60x120,m2,60.0,120.0,0.72,826
Gemma,Ceramic,Second,60x60,m2,60.0,60.0,0.36,233
Alfa Ceramic,Ceramic,Second,60x60,m2,60.0,60.0,0.36,262
Royal Ceramica,Porcelain,First,60x120,m2,60.0,120.0,0.72,676
Gemma,Porcelain,Second,60x120,m2,60.0,120.0,0.72,576
Gemma,Ceramic,First,60x60,m2,60.0,60.0,0.36,286
Gemma,Porcelain,Second,60x120,m2,60.0,120.0,0.72,681
Gemma,Porcelain,Second,60x120,m2,60.0,120.0,0.72,660
Alfa Ceramic,Porcelain,First,60x120,m2,60.0,120.0,0.72,772
Gemma,Ceramic,Third,60x60,m2,60.0,60.0,0.36,211
Alfa Ceramic,Porcelain,Third,60x120,m2,60.0,120.0,0.72,443
Gemma,Ceramic,Third,60x60,m2,60.0,60.0,0.36,211
Gemma,Porcelain,Second,60x120,m2,60.0,120.0,0.72,731
Alfa Ceramic,Porcelain,Second,60x120,m2,60.0,120.0,0.72,600
Lecico,Porcelain,First,60x120,m2,60.0,120.0,0.72,943
Lecico,Porcelain,First,60x120,m2,60.0,120.0,0.72,728
Gemma,Ceramic,First,60x60,m2,60.0,60.0,0.36,358
Royal Ceramica,Porcelain,First,60x120,m2,60.0,120.0,0.72,811
Ceramica Cleopatra,Porcelain,First,60x120,m2,60.0,120.0,0.72,826
Ceramica Cleopatra,Ceramic,First,60x60,m2,60.0,60.0,0.36,268
Alfa Ceramic,Porcelain,Third,60x120,m2,60.0,120.0,0.72,555
Alfa Ceramic,Porcelain,First,60x120,m2,60.0,120.0,0.72,660
Ceramica Cleopatra,Porcelain,First,60x120,m2,60.0,120.0,0.72,770
Gemma,Porcelain,First,60x120,m2,60.0,120.0,0.72,821
Royal Ceramica,Porcelain,First,60x120,m2,60.0,120.0,0.72,748
Alfa Ceramic,Porcelain,First,60x120,m2,60.0,120.0,0.72,657
Royal Ceramica,Porcelain,Second,60x120,m2,60.0,120.0,0.72,633
Ceramica Cleopatra,Ceramic,Third,60x60,m2,60.0,60.0,0.36,174
Ceramica Cleopatra,Porcelain,First,60x120,m2,60.0,120.0,0.72,844
Royal Ceramica,Ceramic,Second,60x60,m2,60.0,60.0,0.36,221
Gemma,Ceramic,First,60x60,m2,60.0,60.0,0.36,284
Lecico,Ceramic,First,60x60,m2,60.0,60.0,0.36,270
Lecico,Ceramic,First,60x60,m2,60.0,60.0,0.36,303
Ceramica Cleopatra,Porcelain,First,60x120,m2,60.0,120.0,0.72,679
Alfa Ceramic,Porcelain,Second,60x120,m2,60.0,120.0,0.72,525
Alfa Ceramic,Porcelain,First,60x120,m2,60.0,120.0,0.72,672
Lecico,Ceramic,First,60x60,m2,60.0,60.0,0.36,298
Royal Ceramica,Ceramic,First,60x60,m2,60.0,60.0,0.36,327
Alfa Ceramic,Porcelain,Third,60x120,m2,60.0,120.0,0.72,612
Lecico,Porcelain,First,60x120,m2,60.0,120.0,0.72,862
Alfa Ceramic,Ceramic,First,60x60,m2,60.0,60.0,0.36,284
Gemma,Porcelain,First,60x120,m2,60.0,120.0,0.72,766
Gemma,Ceramic,First,60x60,m2,60.0,60.0,0.36,284
Alfa Ceramic,Porcelain,First,60x120,m2,60.0,120.0,0.72,906
Royal Ceramica,Porcelain,Second,60x120,m2,60.0,120.0,0.72,531
Royal Ceramica,Ceramic,First,60x60,m2,60.0,60.0,0.36,279
Royal Ceramica,Porcelain,First,60x120,m2,60.0,120.0,0.72,811
Royal Ceramica,Porcelain,Second,60x120,m2,60.0,120.0,0.72,633
Alfa Ceramic,Porcelain,First,60x120,m2,60.0,120.0,0.72,748
Lecico,Ceramic,Second,60x60,m2,60.0,60.0,0.36,219
Ceramica Cleopatra,Porcelain,First,60x120,m2,60.0,120.0,0.72,698
Ceramica Cleopatra,Porcelain,Third,60x120,m2,60.0,120.0,0.72,614
Gemma,Porcelain,First,60x120,m2,60.0,120.0,0.72,835
Royal Ceramica,Porcelain,Third,60x120,m2,60.0,120.0,0.72,497
Alfa Ceramic,Ceramic,Second,60x60,m2,60.0,60.0,0.36,247
Lecico,Porcelain,Second,60x120,m2,60.0,120.0,0.72,554
Lecico,Porcelain,First,60x120,m2,60.0,120.0,0.72,752
Gemma,Ceramic,Third,60x60,m2,60.0,60.0,0.36,201
Ceramica Cleopatra,Porcelain,Third,60x120,m2,60.0,120.0,0.72,488
Gemma,Porcelain,First,60x120,m2,60.0,120.0,0.72,819
Gemma,Porcelain,Third,60x120,m2,60.0,120.0,0.72,592
Ceramica Cleopatra,Porcelain,Second,60x120,m2,60.0,120.0,0.72,699
Alfa Ceramic,Ceramic,Third,60x60,m2,60.0,60.0,0.36,191
Ceramica Cleopatra,Porcelain,First,60x120,m2,60.0,120.0,0.72,764
Royal Ceramica,Porcelain,First,60x120,m2,60.0,120.0,0.72,845
Ceramica Cleopatra,Ceramic,First,60x60,m2,60.0,60.0,0.36,330
Lecico,Porcelain,First,60x120,m2,60.0,120.0,0.72,701
Ceramica Cleopatra,Porcelain,Third,60x120,m2,60.0,120.0,0.72,516
Gemma,Porcelain,First,60x120,m2,60.0,120.0,0.72,766
Lecico,Porcelain,First,60x120,m2,60.0,120.0,0.72,914
Ceramica Cleopatra,Porcelain,Second,60x120,m2,60.0,120.0,0.72,612
Alfa Ceramic,Ceramic,First,60x60,m2,60.0,60.0,0.36,287
Lecico,Porcelain,First,60x120,m2,60.0,120.0,0.72,831
Royal Ceramica,Porcelain,Second,60x120,m2,60.0,120.0,0.72,703
Lecico,Porcelain,Third,60x120,m2,60.0,120.0,0.72,563
Lecico,Ceramic,Second,60x60,m2,60.0,60.0,0.36,244
Alfa Ceramic,Porcelain,Third,60x120,m2,60.0,120.0,0.72,508
Lecico,Porcelain,Third,60x120,m2,60.0,120.0,0.72,568
Lecico,Ceramic,First,60x60,m2,60.0,60.0,0.36,377
Gemma,Ceramic,Second,60x60,m2,60.0,60.0,0.36,265
Gemma,Porcelain,First,60x120,m2,60.0,120.0,0.72,835
Gemma,Ceramic,Second,60x60,m2,60.0,60.0,0.36,248
Gemma,Porcelain,Third,60x120,m2,60.0,120.0,0.72,544
Lecico,Porcelain,Second,60x120,m2,60.0,120.0,0.72,730
Royal Ceramica,Ceramic,Third,60x60,m2,60.0,60.0,0.36,195
Royal Ceramica,Porcelain,Second,60x120,m2,60.0,120.0,0.72,674
Gemma,Porcelain,Second,60x120,m2,60.0,120.0,0.72,576
Lecico,Ceramic,First,60x60,m2,60.0,60.0,0.36,279
Gemma,Ceramic,First,60x60,m2,60.0,60.0,0.36,313
Lecico,Ceramic,First,60x60,m2,60.0,60.0,0.36,334
Lecico,Porcelain,First,60x120,m2,60.0,120.0,0.72,658
Royal Ceramica,Ceramic,First,60x60,m2,60.0,60.0,0.36,359
Gemma,Porcelain,First,60x120,m2,60.0,120.0,0.72,876
Lecico,Porcelain,First,60x120,m2,60.0,120.0,0.72,852
Alfa Ceramic,Ceramic,First,60x60,m2,60.0,60.0,0.36,284
Royal Ceramica,Porcelain,First,60x120,m2,60.0,120.0,0.72,793
Ceramica Cleopatra,Porcelain,First,60x120,m2,60.0,120.0,0.72,898
Lecico,Porcelain,Third,60x120,m2,60.0,120.0,0.72,568
Gemma,Ceramic,Second,60x60,m2,60.0,60.0,0.36,272
Lecico,Porcelain,Second,60x120,m2,60.0,120.0,0.72,730
Alfa Ceramic,Porcelain,First,60x120,m2,60.0,120.0,0.72,778
Royal Ceramica,Ceramic,First,60x60,m2,60.0,60.0,0.36,359
Ceramica Cleopatra,Porcelain,Second,60x120,m2,60.0,120.0,0.72,572
Royal Ceramica,Porcelain,First,60x120,m2,60.0,120.0,0.72,689
Gemma,Ceramic,Second,60x60,m2,60.0,60.0,0.36,261
Alfa Ceramic,Ceramic,Third,60x60,m2,60.0,60.0,0.36,221
Royal Ceramica,Porcelain,Second,60x120,m2,60.0,120.0,0.72,633
Alfa Ceramic,Porcelain,Second,60x120,m2,60.0,120.0,0.72,597
Royal Ceramica,Ceramic,Third,60x60,m2,60.0,60.0,0.36,230
Lecico,Ceramic,First,60x60,m2,60.0,60.0,0.36,357
Lecico,Porcelain,First,60x120,m2,60.0,120.0,0.72,728
Alfa Ceramic,Ceramic,First,60x60,m2,60.0,60.0,0.36,272
Ceramica Cleopatra,Porcelain,Third,60x120,m2,60.0,120.0,0.72,469
Lecico,Ceramic,Second,60x60,m2,60.0,60.0,0.36,270
Ceramica Cleopatra,Ceramic,Third,60x60,m2,60.0,60.0,0.36,245
Lecico,Ceramic,First,60x60,m2,60.0,60.0,0.36,357
Royal Ceramica,Porcelain,First,60x120,m2,60.0,120.0,0.72,707
Gemma,Porcelain,Second,60x120,m2,60.0,120.0,0.72,660
Gemma,Porcelain,First,60x120,m2,60.0,120.0,0.72,856
Royal Ceramica,Porcelain,First,60x120,m2,60.0,120.0,0.72,751
Royal Ceramica,Ceramic,First,60x60,m2,60.0,60.0,0.36,355
Alfa Ceramic,Ceramic,Third,60x60,m2,60.0,60.0,0.36,191
Ceramica Cleopatra,Ceramic,Third,60x60,m2,60.0,60.0,0.36,172
Alfa Ceramic,Ceramic,Third,60x60,m2,60.0,60.0,0.36,204
Alfa Ceramic,Porcelain,Second,60x120,m2,60.0,120.0,0.72,750
Alfa Ceramic,Porcelain,First,60x120,m2,60.0,120.0,0.72,906
Royal Ceramica,Ceramic,First,60x60,m2,60.0,60.0,0.36,355
Royal Ceramica,Ceramic,Third,60x60,m2,60.0,60.0,0.36,245
Lecico,Porcelain,Third,60x120,m2,60.0,120.0,0.72,453
Lecico,Ceramic,Second,60x60,m2,60.0,60.0,0.36,239
Lecico,Porcelain,Second,60x120,m2,60.0,120.0,0.72,705
Royal Ceramica,Porcelain,Second,60x120,m2,60.0,120.0,0.72,694
Ceramica Cleopatra,Porcelain,Third,60x120,m2,60.0,120.0,0.72,574
Ceramica Cleopatra,Porcelain,Third,60x120,m2,60.0,120.0,0.72,488
Lecico,Porcelain,First,60x120,m2,60.0,120.0,0.72,837
Ceramica Cleopatra,Ceramic,Third,60x60,m2,60.0,60.0,0.36,202
Ceramica Cleopatra,Ceramic,Third,60x60,m2,60.0,60.0,0.36,172
Ceramica Cleopatra,Porcelain,Second,60x120,m2,60.0,120.0,0.72,623
Gemma,Porcelain,Third,60x120,m2,60.0,120.0,0.72,596
Alfa Ceramic,Porcelain,Third,60x120,m2,60.0,120.0,0.72,460
Ceramica Cleopatra,Porcelain,First,60x120,m2,60.0,120.0,0.72,808
Gemma,Porcelain,Second,60x120,m2,60.0,120.0,0.72,576
Alfa Ceramic,Ceramic,Second,60x60,m2,60.0,60.0,0.36,283
Ceramica Cleopatra,Ceramic,Third,60x60,m2,60.0,60.0,0.36,202
Alfa Ceramic,Porcelain,Third,60x120,m2,60.0,120.0,0.72,427
Alfa Ceramic,Porcelain,First,60x120,m2,60.0,120.0,0.72,858
Lecico,Ceramic,First,60x60,m2,60.0,60.0,0.36,281
Alfa Ceramic,Ceramic,Second,60x60,m2,60.0,60.0,0.36,232
Alfa Ceramic,Porcelain,First,60x120,m2,60.0,120.0,0.72,778
Royal Ceramica,Porcelain,Third,60x120,m2,60.0,120.0,0.72,569
Royal Ceramica,Porcelain,First,60x120,m2,60.0,120.0,0.72,707
Lecico,Porcelain,Third,60x120,m2,60.0,120.0,0.72,466
Lecico,Porcelain,First,60x120,m2,60.0,120.0,0.72,852
Ceramica Cleopatra,Porcelain,Third,60x120,m2,60.0,120.0,0.72,469
Gemma,Ceramic,Third,60x60,m2,60.0,60.0,0.36,172
Alfa Ceramic,Porcelain,Second,60x120,m2,60.0,120.0,0.72,644
Royal Ceramica,Porcelain,Third,60x120,m2,60.0,120.0,0.72,446
Ceramica Cleopatra,Ceramic,First,60x60,m2,60.0,60.0,0.36,330
Ceramica Cleopatra,Porcelain,First,60x120,m2,60.0,120.0,0.72,727
Royal Ceramica,Porcelain,First,60x120,m2,60.0,120.0,0.72,934
Gemma,Porcelain,Second,60x120,m2,60.0,120.0,0.72,681
Ceramica Cleopatra,Ceramic,Third,60x60,m2,60.0,60.0,0.36,202
Ceramica Cleopatra,Ceramic,First,60x60,m2,60.0,60.0,0.36,339
Gemma,Ceramic,First,60x60,m2,60.0,60.0,0.36,371
Gemma,Ceramic,First,60x60,m2,60.0,60.0,0.36,355
Ceramica Cleopatra,Porcelain,Third,60x120,m2,60.0,120.0,0.72,488
Alfa Ceramic,Ceramic,Third,60x60,m2,60.0,60.0,0.36,218
Royal Ceramica,Porcelain,Second,60x120,m2,60.0,120.0,0.72,531
Ceramica Cleopatra,Ceramic,First,60x60,m2,60.0,60.0,0.36,334
Gemma,Porcelain,First,60x120,m2,60.0,120.0,0.72,836
Gemma,Porcelain,Third,60x120,m2,60.0,120.0,0.72,528
Alfa Ceramic,Porcelain,First,60x120,m2,60.0,120.0,0.72,757
Lecico,Ceramic,Second,60x60,m2,60.0,60.0,0.36,236
Lecico,Porcelain,First,60x120,m2,60.0,120.0,0.72,914
Alfa Ceramic,Ceramic,Second,60x60,m2,60.0,60.0,0.36,240
Royal Ceramica,Porcelain,First,60x120,m2,60.0,120.0,0.72,844
Alfa Ceramic,Porcelain,First,60x120,m2,60.0,120.0,0.72,767
Gemma,Porcelain,First,60x120,m2,60.0,120.0,0.72,769
Royal Ceramica,Porcelain,First,60x120,m2,60.0,120.0,0.72,689
Royal Ceramica,Porcelain,First,60x120,m2,60.0,120.0,0.72,835
Royal Ceramica,Ceramic,First,60x60,m2,60.0,60.0,0.36,310
Alfa Ceramic,Ceramic,Third,60x60,m2,60.0,60.0,0.36,205
Gemma,Ceramic,First,60x60,m2,60.0,60.0,0.36,346
Ceramica Cleopatra,Porcelain,First,60x120,m2,60.0,120.0,0.72,720
Alfa Ceramic,Ceramic,Second,60x60,m2,60.0,60.0,0.36,248
Alfa Ceramic,Porcelain,First,60x120,m2,60.0,120.0,0.72,683
Gemma,Ceramic,First,60x60,m2,60.0,60.0,0.36,358
Gemma,Porcelain,First,60x120,m2,60.0,120.0,0.72,819
Gemma,Porcelain,Third,60x120,m2,60.0,120.0,0.72,496
Alfa Ceramic,Porcelain,Second,60x120,m2,60.0,120.0,0.72,702
Alfa Ceramic,Porcelain,Second,60x120,m2,60.0,120.0,0.72,750
Lecico,Ceramic,Second,60x60,m2,60.0,60.0,0.36,253
Lecico,Porcelain,Second,60x120,m2,60.0,120.0,0.72,652
Alfa Ceramic,Porcelain,Second,60x120,m2,60.0,120.0,0.72,702
Lecico,Porcelain,First,60x120,m2,60.0,120.0,0.72,690
Royal Ceramica,Ceramic,Third,60x60,m2,60.0,60.0,0.36,235
Ceramica Cleopatra,Porcelain,First,60x120,m2,60.0,120.0,0.72,904
Lecico,Porcelain,Third,60x120,m2,60.0,120.0,0.72,600
Gemma,Ceramic,Second,60x60,m2,60.0,60.0,0.36,233
Alfa Ceramic,Ceramic,Second,60x60,m2,60.0,60.0,0.36,248
Lecico,Porcelain,First,60x120,m2,60.0,120.0,0.72,716
Alfa Ceramic,Porcelain,Third,60x120,m2,60.0,120.0,0.72,553
Royal Ceramica,Porcelain,First,60x120,m2,60.0,120.0,0.72,815
Lecico,Ceramic,First,60x60,m2,60.0,60.0,0.36,328
Ceramica Cleopatra,Porcelain,First,60x120,m2,60.0,120.0,0.72,698
Ceramica Cleopatra,Porcelain,Second,60x120,m2,60.0,120.0,0.72,642
Ceramica Cleopatra,Ceramic,First,60x60,m2,60.0,60.0,0.36,285
Alfa Ceramic,Porcelain,First,60x120,m2,60.0,120.0,0.72,804
Lecico,Ceramic,Second,60x60,m2,60.0,60.0,0.36,267
Lecico,Porcelain,First,60x120,m2,60.0,120.0,0.72,690
Gemma,Ceramic,First,60x60,m2,60.0,60.0,0.36,306
Gemma,Porcelain,Third,60x120,m2,60.0,120.0,0.72,438
Gemma,Porcelain,First,60x120,m2,60.0,120.0,0.72,927
Lecico,Porcelain,First,60x120,m2,60.0,120.0,0.72,914
Gemma,Porcelain,Third,60x120,m2,60.0,120.0,0.72,466
Royal Ceramica,Porcelain,First,60x120,m2,60.0,120.0,0.72,790
Royal Ceramica,Ceramic,First,60x60,m2,60.0,60.0,0.36,310
Alfa Ceramic,Porcelain,First,60x120,m2,60.0,120.0,0.72,804
Alfa Ceramic,Ceramic,Second,60x60,m2,60.0,60.0,0.36,262
Ceramica Cleopatra,Porcelain,First,60x120,m2,60.0,120.0,0.72,900
Alfa Ceramic,Ceramic,First,60x60,m2,60.0,60.0,0.36,263
Lecico,Porcelain,First,60x120,m2,60.0,120.0,0.72,737
Ceramica Cleopatra,Porcelain,Second,60x120,m2,60.0,120.0,0.72,552
Royal Ceramica,Porcelain,Third,60x120,m2,60.0,120.0,0.72,569
Gemma,Ceramic,Second,60x60,m2,60.0,60.0,0.36,280
Alfa Ceramic,Ceramic,Third,60x60,m2,60.0,60.0,0.36,218
Royal Ceramica,Porcelain,Second,60x120,m2,60.0,120.0,0.72,645
Royal Ceramica,Ceramic,Second,60x60,m2,60.0,60.0,0.36,258
Alfa Ceramic,Porcelain,First,60x120,m2,60.0,120.0,0.72,885
Lecico,Ceramic,First,60x60,m2,60.0,60.0,0.36,328
Royal Ceramica,Ceramic,Second,60x60,m2,60.0,60.0,0.36,299
Gemma,Porcelain,Second,60x120,m2,60.0,120.0,0.72,600
Ceramica Cleopatra,Ceramic,Third,60x60,m2,60.0,60.0,0.36,232
Alfa Ceramic,Ceramic,Third,60x60,m2,60.0,60.0,0.36,191
Royal Ceramica,Ceramic,Third,60x60,m2,60.0,60.0,0.36,235
Alfa Ceramic,Porcelain,First,60x120,m2,60.0,120.0,0.72,650
Royal Ceramica,Ceramic,Second,60x60,m2,60.0,60.0,0.36,258
Lecico,Ceramic,First,60x60,m2,60.0,60.0,0.36,360
Gemma,Porcelain,Third,60x120,m2,60.0,120.0,0.72,544
Alfa Ceramic,Ceramic,First,60x60,m2,60.0,60.0,0.36,317
Gemma,Ceramic,Third,60x60,m2,60.0,60.0,0.36,179
Gemma,Porcelain,First,60x120,m2,60.0,120.0,0.72,890
Lecico,Porcelain,Third,60x120,m2,60.0,120.0,0.72,456
Lecico,Porcelain,Third,60x120,m2,60.0,120.0,0.72,550
Ceramica Cleopatra,Ceramic,First,60x60,m2,60.0,60.0,0.36,285
Gemma,Porcelain,Second,60x120,m2,60.0,120.0,0.72,534
Gemma,Porcelain,First,60x120,m2,60.0,120.0,0.72,836
Royal Ceramica,Ceramic,First,60x60,m2,60.0,60.0,0.36,310
Gemma,Porcelain,Third,60x120,m2,60.0,120.0,0.72,440
Royal Ceramica,Porcelain,First,60x120,m2,60.0,120.0,0.72,762
Alfa Ceramic,Porcelain,First,60x120,m2,60.0,120.0,0.72,748
Gemma,Porcelain,First,60x120,m2,60.0,120.0,0.72,944
Lecico,Porcelain,Second,60x120,m2,60.0,120.0,0.72,652
Lecico,Porcelain,Third,60x120,m2,60.0,120.0,0.72,462
Royal Ceramica,Ceramic,Second,60x60,m2,60.0,60.0,0.36,258
Alfa Ceramic,Porcelain,Second,60x120,m2,60.0,120.0,0.72,545
Royal Ceramica,Porcelain,First,60x120,m2,60.0,120.0,0.72,845
Ceramica Cleopatra,Ceramic,Third,60x60,m2,60.0,60.0,0.36,235
Alfa Ceramic,Porcelain,First,60x120,m2,60.0,120.0,0.72,906
Lecico,Ceramic,First,60x60,m2,60.0,60.0,0.36,270
Royal Ceramica,Porcelain,Second,60x120,m2,60.0,120.0,0.72,716
Ceramica Cleopatra,Porcelain,Third,60x120,m2,60.0,120.0,0.72,452
Alfa Ceramic,Ceramic,First,60x60,m2,60.0,60.0,0.36,287
Gemma,Porcelain,First,60x120,m2,60.0,120.0,0.72,793
Lecico,Porcelain,Second,60x120,m2,60.0,120.0,0.72,667
Royal Ceramica,Porcelain,Second,60x120,m2,60.0,120.0,0.72,645
Ceramica Cleopatra,Porcelain,First,60x120,m2,60.0,120.0,0.72,832
Royal Ceramica,Porcelain,First,60x120,m2,60.0,120.0,0.72,782
Alfa Ceramic,Ceramic,First,60x60,m2,60.0,60.0,0.36,272
Royal Ceramica,Ceramic,Third,60x60,m2,60.0,60.0,0.36,226
Royal Ceramica,Porcelain,First,60x120,m2,60.0,120.0,0.72,768
Royal Ceramica,Porcelain,First,60x120,m2,60.0,120.0,0.72,748
Royal Ceramica,Porcelain,Second,60x120,m2,60.0,120.0,0.72,613
Alfa Ceramic,Porcelain,Third,60x120,m2,60.0,120.0,0.72,508
Gemma,Ceramic,First,60x60,m2,60.0,60.0,0.36,284
Gemma,Porcelain,Second,60x120,m2,60.0,120.0,0.72,564
Lecico,Porcelain,First,60x120,m2,60.0,120.0,0.72,837
Ceramica Cleopatra,Ceramic,Third,60x60,m2,60.0,60.0,0.36,232
Royal Ceramica,Ceramic,First,60x60,m2,60.0,60.0,0.36,327
Alfa Ceramic,Porcelain,Third,60x120,m2,60.0,120.0,0.72,494
Alfa Ceramic,Porcelain,Third,60x120,m2,60.0,120.0,0.72,494
Royal Ceramica,Ceramic,Second,60x60,m2,60.0,60.0,0.36,264
Royal Ceramica,Porcelain,First,60x120,m2,60.0,120.0,0.72,793
Alfa Ceramic,Porcelain,Second,60x120,m2,60.0,120.0,0.72,737
Alfa Ceramic,Porcelain,First,60x120,m2,60.0,120.0,0.72,748
Ceramica Cleopatra,Porcelain,Third,60x120,m2,60.0,120.0,0.72,469
Lecico,Porcelain,Third,60x120,m2,60.0,120.0,0.72,522
Alfa Ceramic,Porcelain,Second,60x120,m2,60.0,120.0,0.72,664
Royal Ceramica,Porcelain,First,60x120,m2,60.0,120.0,0.72,843
Royal Ceramica,Porcelain,Second,60x120,m2,60.0,120.0,0.72,724
Lecico,Porcelain,Third,60x120,m2,60.0,120.0,0.72,550
Gemma,Ceramic,Third,60x60,m2,60.0,60.0,0.36,172
Lecico,Porcelain,Third,60x120,m2,60.0,120.0,0.72,442
Lecico,Ceramic,First,60x60,m2,60.0,60.0,0.36,346
Lecico,Porcelain,First,60x120,m2,60.0,120.0,0.72,781
Gemma,Porcelain,First,60x120,m2,60.0,120.0,0.72,920
Royal Ceramica,Ceramic,Second,60x60,m2,60.0,60.0,0.36,289
Ceramica Cleopatra,Porcelain,First,60x120,m2,60.0,120.0,0.72,734
Alfa Ceramic,Porcelain,First,60x120,m2,60.0,120.0,0.72,804
Alfa Ceramic,Porcelain,Second,60x120,m2,60.0,120.0,0.72,586
Gemma,Porcelain,First,60x120,m2,60.0,120.0,0.72,876
Alfa Ceramic,Porcelain,First,60x120,m2,60.0,120.0,0.72,676
Royal Ceramica,Ceramic,Third,60x60,m2,60.0,60.0,0.36,179
Royal Ceramica,Ceramic,Third,60x60,m2,60.0,60.0,0.36,226
Ceramica Cleopatra,Porcelain,Third,60x120,m2,60.0,120.0,0.72,603
Ceramica Cleopatra,Ceramic,Third,60x60,m2,60.0,60.0,0.36,245
Ceramica Cleopatra,Porcelain,First,60x120,m2,60.0,120.0,0.72,746
Gemma,Porcelain,Second,60x120,m2,60.0,120.0,0.72,660
Gemma,Porcelain,First,60x120,m2,60.0,120.0,0.72,927
Gemma,Porcelain,First,60x120,m2,60.0,120.0,0.72,766
Ceramica Cleopatra,Ceramic,First,60x60,m2,60.0,60.0,0.36,357
Gemma,Porcelain,First,60x120,m2,60.0,120.0,0.72,890
Lecico,Porcelain,Second,60x120,m2,60.0,120.0,0.72,672
Alfa Ceramic,Ceramic,First,60x60,m2,60.0,60.0,0.36,354
Alfa Ceramic,Porcelain,Second,60x120,m2,60.0,120.0,0.72,593
Alfa Ceramic,Porcelain,Second,60x120,m2,60.0,120.0,0.72,654
Lecico,Porcelain,First,60x120,m2,60.0,120.0,0.72,794
Gemma,Ceramic,Second,60x60,m2,60.0,60.0,0.36,272
Gemma,Ceramic,First,60x60,m2,60.0,60.0,0.36,278
Royal Ceramica,Porcelain,First,60x120,m2,60.0,120.0,0.72,934
Alfa Ceramic,Porcelain,Third,60x120,m2,60.0,120.0,0.72,460
Ceramica Cleopatra,Porcelain,Third,60x120,m2,60.0,120.0,0.72,574
Alfa Ceramic,Porcelain,First,60x120,m2,60.0,120.0,0.72,683
Lecico,Porcelain,Second,60x120,m2,60.0,120.0,0.72,756
Ceramica Cleopatra,Porcelain,First,60x120,m2,60.0,120.0,0.72,764
Lecico,Ceramic,Second,60x60,m2,60.0,60.0,0.36,244
Royal Ceramica,Porcelain,First,60x120,m2,60.0,120.0,0.72,707
Ceramica Cleopatra,Ceramic,First,60x60,m2,60.0,60.0,0.36,261
Alfa Ceramic,Porcelain,Third,60x120,m2,60.0,120.0,0.72,427
Alfa Ceramic,Porcelain,Second,60x120,m2,60.0,120.0,0.72,713
Ceramica Cleopatra,Porcelain,First,60x120,m2,60.0,120.0,0.72,744
Gemma,Ceramic,Second,60x60,m2,60.0,60.0,0.36,265
Alfa Ceramic,Porcelain,Third,60x120,m2,60.0,120.0,0.72,427
Gemma,Porcelain,Third,60x120,m2,60.0,120.0,0.72,506
Lecico,Porcelain,Third,60x120,m2,60.0,120.0,0.72,509
Royal Ceramica,Porcelain,Second,60x120,m2,60.0,120.0,0.72,528
Ceramica Cleopatra,Ceramic,First,60x60,m2,60.0,60.0,0.36,368
Gemma,Porcelain,First,60x120,m2,60.0,120.0,0.72,850
Gemma,Ceramic,Third,60x60,m2,60.0,60.0,0.36,201
Alfa Ceramic,Ceramic,Second,60x60,m2,60.0,60.0,0.36,248
Royal Ceramica,Porcelain,Second,60x120,m2,60.0,120.0,0.72,613
