Finishing_Category,Brand,Ceiling_Type,Material,Component,Specification,Application,Coverage_m2,Quality_Level,Quality_Score,Unit,Quantity_Rule,Rule_Value,Required_For,Optional,Price_EGP,Category,Subcategory,Product_Name,Grade,Quality_Price_Band,Source_File,Price_Outlier
Ceilings,Knauf,Decorative Gypsum Ceiling,Gypsum,Decorative Panel,60x60 cm,Reception,0.36,Low,8.4,Piece,Area_m2/Coverage,1,Reception,True,203,Ceilings,Decorative Gypsum Ceiling,Decorative Gypsum Ceiling,Not Applicable,Low: <= 234,ceilings_gypsum.csv,False
Ceilings,USG Boral,Decorative Gypsum Ceiling,Gypsum,Decorative Panel,60x60 cm,Reception,0.36,Low,8.4,Piece,Area_m2/Coverage,1,Reception,True,219,Ceilings,Decorative Gypsum Ceiling,Decorative Gypsum Ceiling,Not Applicable,Low: <= 234,ceilings_gypsum.csv,False
Ceilings,Gyproc,Gypsum Board Ceiling,Gypsum,Gypsum Board,12.5 mm / 120x240 cm,Full Ceiling,2.88,Low,8.7,Sheet,Area_m2/Coverage,1,Ceiling,False,231,Ceilings,Gypsum Board Ceiling,Gypsum Board Ceiling,Not Applicable,Low: <= 234,ceilings_gypsum.csv,False
Ceilings,Gyproc,Decorative Gypsum Ceiling,Gypsum,Decorative Panel,60x60 cm,Reception,0.36,Medium,8.4,Piece,Area_m2/Coverage,1,Reception,True,281,Ceilings,Decorative Gypsum Ceiling,Decorative Gypsum Ceiling,Not Applicable,Medium: 234 - 285,ceilings_gypsum.csv,False
Ceilings,Siniat,Gypsum Board Ceiling,Gypsum,Gypsum Board,12.5 mm / 120x240 cm,Full Ceiling,2.88,High,8.7,Sheet,Area_m2/Coverage,1,Ceiling,False,298,Ceilings,Gypsum Board Ceiling,Gypsum Board Ceiling,Not Applicable,High: > 285,ceilings_gypsum.csv,False
Ceilings,Knauf,Gypsum Board Ceiling,Gypsum,Gypsum Board,12.5 mm / 120x240 cm,Full Ceiling,2.88,Low,8.7,Sheet,Area_m2/Coverage,1,Ceiling,False,181,Ceilings,Gypsum Board Ceiling,Gypsum Board Ceiling,Not Applicable,Low: <= 234,ceilings_gypsum.csv,False
Ceilings,USG Boral,Decorative Gypsum Ceiling,Gypsum,Decorative Panel,60x60 cm,Reception,0.36,Medium,8.4,Piece,Area_m2/Coverage,1,Reception,True,267,Ceilings,Decorative Gypsum Ceiling,Decorative Gypsum Ceiling,Not Applicable,Medium: 234 - 285,ceilings_gypsum.csv,False
Ceilings,USG,Decorative Gypsum Ceiling,Gypsum,Decorative Panel,60x60 cm,Reception,0.36,Low,8.4,Piece,Area_m2/Coverage,1,Reception,True,227,Ceilings,Decorative Gypsum Ceiling,Decorative Gypsum Ceiling,Not Applicable,Low: <= 234,ceilings_gypsum.csv,False
Ceilings,Siniat,Gypsum Board Ceiling,Gypsum,Gypsum Board,12.5 mm / 120x240 cm,Full Ceiling,2.88,High,8.7,Sheet,Area_m2/Coverage,1,Ceiling,False,338,Ceilings,Gypsum Board Ceiling,Gypsum Board Ceiling,Not Applicable,High: > 285,ceilings_gypsum.csv,False
Ceilings,Gyproc,Gypsum Board Ceiling,Gypsum,Gypsum Board,12.5 mm / 120x240 cm,Full Ceiling,2.88,High,8.7,Sheet,Area_m2/Coverage,1,Ceiling,False,289,Ceilings,Gypsum Board Ceiling,Gypsum Board Ceiling,Not Applicable,High: > 285,ceilings_gypsum.csv,False
Ceilings,Knauf,Gypsum Board Ceiling,Gypsum,Gypsum Board,12.5 mm / 120x240 cm,Full Ceiling,2.88,High,8.7,Sheet,Area_m2/Coverage,1,Ceiling,False,311,Ceilings,Gypsum Board Ceiling,Gypsum Board Ceiling,Not Applicable,High: > 285,ceilings_gypsum.csv,False
Ceilings,USG,Gypsum Board Ceiling,Gypsum,Gypsum Board,12.5 mm / 120x240 cm,Full Ceiling,2.88,Low,8.7,Sheet,Area_m2/Coverage,1,Ceiling,False,222,Ceilings,Gypsum Board Ceiling,Gypsum Board Ceiling,Not Applicable,Low: <= 234,ceilings_gypsum.csv,False
Ceilings,Knauf,Gypsum Board Ceiling,Gypsum,Gypsum Board,12.5 mm / 120x240 cm,Full Ceiling,2.88,High,8.7,Sheet,Area_m2/Coverage,1,Ceiling,False,293,Ceilings,Gypsum Board Ceiling,Gypsum Board Ceiling,Not Applicable,High: > 285,ceilings_gypsum.csv,False
Ceilings,Gyproc,Decorative Gypsum Ceiling,Gypsum,Decorative Panel,60x60 cm,Reception,0.36,Low,8.4,Piece,Area_m2/Coverage,1,Reception,True,212,Ceilings,Decorative Gypsum Ceiling,Decorative Gypsum Ceiling,Not Applicable,Low: <= 234,ceilings_gypsum.csv,False
Ceilings,USG Boral,Gypsum Board Ceiling,Gypsum,Gypsum Board,12.5 mm / 120x240 cm,Full Ceiling,2.88,Medium,8.7,Sheet,Area_m2/Coverage,1,Ceiling,False,254,Ceilings,Gypsum Board Ceiling,Gypsum Board Ceiling,Not Applicable,Medium: 234 - 285,ceilings_gypsum.csv,False
Ceilings,USG Boral,Gypsum Board Ceiling,Gypsum,Gypsum Board,12.5 mm / 120x240 cm,Full Ceiling,2.88,High,8.7,Sheet,Area_m2/Coverage,1,Ceiling,False,344,Ceilings,Gypsum Board Ceiling,Gypsum Board Ceiling,Not Applicable,High: > 285,ceilings_gypsum.csv,False
Ceilings,Siniat,Gypsum Board Ceiling,Gypsum,Gypsum Board,12.5 mm / 120x240 cm,Full Ceiling,2.88,Medium,8.7,Sheet,Area_m2/Coverage,1,Ceiling,False,240,Ceilings,Gypsum Board Ceiling,Gypsum Board Ceiling,Not Applicable,Medium: 234 - 285,ceilings_gypsum.csv,False
Ceilings,USG Boral,Decorative Gypsum Ceiling,Gypsum,Decorative Panel,60x60 cm,Reception,0.36,Medium,8.4,Piece,Area_m2/Coverage,1,Reception,True,251,Ceilings,Decorative Gypsum Ceiling,Decorative Gypsum Ceiling,Not Applicable,Medium: 234 - 285,ceilings_gypsum.csv,False
Ceilings,Gyproc,Gypsum Board Ceiling,Gypsum,Gypsum Board,12.5 mm / 120x240 cm,Full Ceiling,2.88,High,8.7,Sheet,Area_m2/Coverage,1,Ceiling,False,347,Ceilings,Gypsum Board Ceiling,Gypsum Board Ceiling,Not Applicable,High: > 285,ceilings_gypsum.csv,False
Ceilings,Knauf,Decorative Gypsum Ceiling,Gypsum,Decorative Panel,60x60 cm,Reception,0.36,High,8.4,Piece,Area_m2/Coverage,1,Reception,True,305,Ceilings,Decorative Gypsum Ceiling,Decorative Gypsum Ceiling,Not Applicable,High: > 285,ceilings_gypsum.csv,False
Ceilings,USG Boral,Gypsum Board Ceiling,Gypsum,Gypsum Board,12.5 mm / 120x240 cm,Full Ceiling,2.88,Low,8.7,Sheet,Area_m2/Coverage,1,Ceiling,False,228,Ceilings,Gypsum Board Ceiling,Gypsum Board Ceiling,Not Applicable,Low: <= 234,ceilings_gypsum.csv,False
Ceilings,USG,Gypsum Board Ceiling,Gypsum,Gypsum Board,12.5 mm / 120x240 cm,Full Ceiling,2.88,High,8.7,Sheet,Area_m2/Coverage,1,Ceiling,False,344,Ceilings,Gypsum Board Ceiling,Gypsum Board Ceiling,Not Applicable,High: > 285,ceilings_gypsum.csv,False
Ceilings,Knauf,Decorative Gypsum Ceiling,Gypsum,Decorative Panel,60x60 cm,Reception,0.36,Low,8.4,Piece,Area_m2/Coverage,1,Reception,True,228,Ceilings,Decorative Gypsum Ceiling,Decorative Gypsum Ceiling,Not Applicable,Low: <= 234,ceilings_gypsum.csv,False
Ceilings,Siniat,Gypsum Board Ceiling,Gypsum,Gypsum Board,12.5 mm / 120x240 cm,Full Ceiling,2.88,High,8.7,Sheet,Area_m2/Coverage,1,Ceiling,False,304,Ceilings,Gypsum Board Ceiling,Gypsum Board Ceiling,Not Applicable,High: > 285,ceilings_gypsum.csv,False
Ceilings,Gyproc,Decorative Gypsum Ceiling,Gypsum,Decorative Panel,60x60 cm,Reception,0.36,Low,8.4,Piece,Area_m2/Coverage,1,Reception,True,206,Ceilings,Decorative Gypsum Ceiling,Decorative Gypsum Ceiling,Not Applicable,Low: <= 234,ceilings_gypsum.csv,False
Ceilings,USG Boral,Decorative Gypsum Ceiling,Gypsum,Decorative Panel,60x60 cm,Reception,0.36,Medium,8.4,Piece,Area_m2/Coverage,1,Reception,True,279,Ceilings,Decorative Gypsum Ceiling,Decorative Gypsum Ceiling,Not Applicable,Medium: 234 - 285,ceilings_gypsum.csv,False
Ceilings,USG Boral,Gypsum Board Ceiling,Gypsum,Gypsum Board,12.5 mm / 120x240 cm,Full Ceiling,2.88,Medium,8.7,Sheet,Area_m2/Coverage,1,Ceiling,False,240,Ceilings,Gypsum Board Ceiling,Gypsum Board Ceiling,Not Applicable,Medium: 234 - 285,ceilings_gypsum.csv,False
Ceilings,USG Boral,Decorative Gypsum Ceiling,Gypsum,Decorative Panel,60x60 cm,Reception,0.36,Medium,8.4,Piece,Area_m2/Coverage,1,Reception,True,283,Ceilings,Decorative Gypsum Ceiling,Decorative Gypsum Ceiling,Not Applicable,Medium: 234 - 285,ceilings_gypsum.csv,False
Ceilings,USG,Decorative Gypsum Ceiling,Gypsum,Decorative Panel,60x60 cm,Reception,0.36,High,8.4,Piece,Area_m2/Coverage,1,Reception,True,330,Ceilings,Decorative Gypsum Ceiling,Decorative Gypsum Ceiling,Not Applicable,High: > 285,ceilings_gypsum.csv,False
Ceilings,Gyproc,Decorative Gypsum Ceiling,Gypsum,Decorative Panel,60x60 cm,Reception,0.36,High,8.4,Piece,Area_m2/Coverage,1,Reception,True,293,Ceilings,Decorative Gypsum Ceiling,Decorative Gypsum Ceiling,Not Applicable,High: > 285,ceilings_gypsum.csv,False
Ceilings,Knauf,Gypsum Board Ceiling,Gypsum,Gypsum Board,12.5 mm / 120x240 cm,Full Ceiling,2.88,Medium,8.7,Sheet,Area_m2/Coverage,1,Ceiling,False,261,Ceilings,Gypsum Board Ceiling,Gypsum Board Ceiling,Not Applicable,Medium: 234 - 285,ceilings_gypsum.csv,False
Ceilings,Knauf,Decorative Gypsum Ceiling,Gypsum,Decorative Panel,60x60 cm,Reception,0.36,Low,8.4,Piece,Area_m2/Coverage,1,Reception,True,225,Ceilings,Decorative Gypsum Ceiling,Decorative Gypsum Ceiling,Not Applicable,Low: <= 234,ceilings_gypsum.csv,False
Ceilings,USG,Gypsum Board Ceiling,Gypsum,Gypsum Board,12.5 mm / 120x240 cm,Full Ceiling,2.88,Low,8.7,Sheet,Area_m2/Coverage,1,Ceiling,False,224,Ceilings,Gypsum Board Ceiling,Gypsum Board Ceiling,Not Applicable,Low: <= 234,ceilings_gypsum.csv,False
Ceilings,Siniat,Gypsum Board Ceiling,Gypsum,Gypsum Board,12.5 mm / 120x240 cm,Full Ceiling,2.88,Low,8.7,Sheet,Area_m2/Coverage,1,Ceiling,False,234,Ceilings,Gypsum Board Ceiling,Gypsum Board Ceiling,Not Applicable,Low: <= 234,ceilings_gypsum.csv,False
Ceilings,Gyproc,Decorative Gypsum Ceiling,Gypsum,Decorative Panel,60x60 cm,Reception,0.36,Medium,8.4,Piece,Area_m2/Coverage,1,Reception,True,246,Ceilings,Decorative Gypsum Ceiling,Decorative Gypsum Ceiling,Not Applicable,Medium: 234 - 285,ceilings_gypsum.csv,False
Ceilings,Gyproc,Decorative Gypsum Ceiling,Gypsum,Decorative Panel,60x60 cm,Reception,0.36,Medium,8.4,Piece,Area_m2/Coverage,1,Reception,True,265,Ceilings,Decorative Gypsum Ceiling,Decorative Gypsum Ceiling,Not Applicable,Medium: 234 - 285,ceilings_gypsum.csv,False
Ceilings,Siniat,Decorative Gypsum Ceiling,Gypsum,Decorative Panel,60x60 cm,Reception,0.36,Medium,8.4,Piece,Area_m2/Coverage,1,Reception,True,240,Ceilings,Decorative Gypsum Ceiling,Decorative Gypsum Ceiling,Not Applicable,Medium: 234 - 285,ceilings_gypsum.csv,False
Ceilings,Gyproc,Decorative Gypsum Ceiling,Gypsum,Decorative Panel,60x60 cm,Reception,0.36,Medium,8.4,Piece,Area_m2/Coverage,1,Reception,True,244,Ceilings,Decorative Gypsum Ceiling,Decorative Gypsum Ceiling,Not Applicable,Medium: 234 - 285,ceilings_gypsum.csv,False
Ceilings,Gyproc,Decorative Gypsum Ceiling,Gypsum,Decorative Panel,60x60 cm,Reception,0.36,Medium,8.4,Piece,Area_m2/Coverage,1,Reception,True,241,Ceilings,Decorative Gypsum Ceiling,Decorative Gypsum Ceiling,Not Applicable,Medium: 234 - 285,ceilings_gypsum.csv,False
Ceilings,Gyproc,Decorative Gypsum Ceiling,Gypsum,Decorative Panel,60x60 cm,Reception,0.36,Medium,8.4,Piece,Area_m2/Coverage,1,Reception,True,257,Ceilings,Decorative Gypsum Ceiling,Decorative Gypsum Ceiling,Not Applicable,Medium: 234 - 285,ceilings_gypsum.csv,False
Ceilings,USG,Decorative Gypsum Ceiling,Gypsum,Decorative Panel,60x60 cm,Reception,0.36,Low,8.4,Piece,Area_m2/Coverage,1,Reception,True,195,Ceilings,Decorative Gypsum Ceiling,Decorative Gypsum Ceiling,Not Applicable,Low: <= 234,ceilings_gypsum.csv,False
Ceilings,Siniat,Gypsum Board Ceiling,Gypsum,Gypsum Board,12.5 mm / 120x240 cm,Full Ceiling,2.88,High,8.7,Sheet,Area_m2/Coverage,1,Ceiling,False,321,Ceilings,Gypsum Board Ceiling,Gypsum Board Ceiling,Not Applicable,High: > 285,ceilings_gypsum.csv,False
Ceilings,USG,Decorative Gypsum Ceiling,Gypsum,Decorative Panel,60x60 cm,Reception,0.36,Medium,8.4,Piece,Area_m2/Coverage,1,Reception,True,285,Ceilings,Decorative Gypsum Ceiling,Decorative Gypsum Ceiling,Not Applicable,Medium: 234 - 285,ceilings_gypsum.csv,False
Ceilings,Knauf,Decorative Gypsum Ceiling,Gypsum,Decorative Panel,60x60 cm,Reception,0.36,High,8.4,Piece,Area_m2/Coverage,1,Reception,True,339,Ceilings,Decorative Gypsum Ceiling,Decorative Gypsum Ceiling,Not Applicable,High: > 285,ceilings_gypsum.csv,False
Ceilings,Siniat,Gypsum Board Ceiling,Gypsum,Gypsum Board,12.5 mm / 120x240 cm,Full Ceiling,2.88,Low,8.7,Sheet,Area_m2/Coverage,1,Ceiling,False,190,Ceilings,Gypsum Board Ceiling,Gypsum Board Ceiling,Not Applicable,Low: <= 234,ceilings_gypsum.csv,False
Ceilings,Siniat,Decorative Gypsum Ceiling,Gypsum,Decorative Panel,60x60 cm,Reception,0.36,High,8.4,Piece,Area_m2/Coverage,1,Reception,True,337,Ceilings,Decorative Gypsum Ceiling,Decorative Gypsum Ceiling,Not Applicable,High: > 285,ceilings_gypsum.csv,False
Ceilings,USG Boral,Decorative Gypsum Ceiling,Gypsum,Decorative Panel,60x60 cm,Reception,0.36,High,8.4,Piece,Area_m2/Coverage,1,Reception,True,306,Ceilings,Decorative Gypsum Ceiling,Decorative Gypsum Ceiling,Not Applicable,High: > 285,ceilings_gypsum.csv,False
Ceilings,USG Boral,Gypsum Board Ceiling,Gypsum,Gypsum Board,12.5 mm / 120x240 cm,Full Ceiling,2.88,Low,8.7,Sheet,Area_m2/Coverage,1,Ceiling,False,209,Ceilings,Gypsum Board Ceiling,Gypsum Board Ceiling,Not Applicable,Low: <= 234,ceilings_gypsum.csv,False
Ceilings,Siniat,Decorative Gypsum Ceiling,Gypsum,Decorative Panel,60x60 cm,Reception,0.36,High,8.4,Piece,Area_m2/Coverage,1,Reception,True,336,Ceilings,Decorative Gypsum Ceiling,Decorative Gypsum Ceiling,Not Applicable,High: > 285,ceilings_gypsum.csv,False
Ceilings,Siniat,Gypsum Board Ceiling,Gypsum,Gypsum Board,12.5 mm / 120x240 cm,Full Ceiling,2.88,High,8.7,Sheet,Area_m2/Coverage,1,Ceiling,False,287,Ceilings,Gypsum Board Ceiling,Gypsum Board Ceiling,Not Applicable,High: > 285,ceilings_gypsum.csv,False
Ceilings,USG Boral,Decorative Gypsum Ceiling,Gypsum,Decorative Panel,60x60 cm,Reception,0.36,High,8.4,Piece,Area_m2/Coverage,1,Reception,True,299,Ceilings,Decorative Gypsum Ceiling,Decorative Gypsum Ceiling,Not Applicable,High: > 285,ceilings_gypsum.csv,False
Ceilings,USG Boral,Decorative Gypsum Ceiling,Gypsum,Decorative Panel,60x60 cm,Reception,0.36,Medium,8.4,Piece,Area_m2/Coverage,1,Reception,True,256,Ceilings,Decorative Gypsum Ceiling,Decorative Gypsum Ceiling,Not Applicable,Medium: 234 - 285,ceilings_gypsum.csv,False
Ceilings,Knauf,Gypsum Board Ceiling,Gypsum,Gypsum Board,12.5 mm / 120x240 cm,Full Ceiling,2.88,Medium,8.7,Sheet,Area_m2/Coverage,1,Ceiling,False,258,Ceilings,Gypsum Board Ceiling,Gypsum Board Ceiling,Not Applicable,Medium: 234 - 285,ceilings_gypsum.csv,False
Ceilings,Gyproc,Gypsum Board Ceiling,Gypsum,Gypsum Board,12.5 mm / 120x240 cm,Full Ceiling,2.88,High,8.7,Sheet,Area_m2/Coverage,1,Ceiling,False,344,Ceilings,Gypsum Board Ceiling,Gypsum Board Ceiling,Not Applicable,High: > 285,ceilings_gypsum.csv,False
Ceilings,USG,Gypsum Board Ceiling,Gypsum,Gypsum Board,12.5 mm / 120x240 cm,Full Ceiling,2.88,Low,8.7,Sheet,Area_m2/Coverage,1,Ceiling,False,225,Ceilings,Gypsum Board Ceiling,Gypsum Board Ceiling,Not Applicable,Low: <= 234,ceilings_gypsum.csv,False
Ceilings,USG,Decorative Gypsum Ceiling,Gypsum,Decorative Panel,60x60 cm,Reception,0.36,Low,8.4,Piece,Area_m2/Coverage,1,Reception,True,229,Ceilings,Decorative Gypsum Ceiling,Decorative Gypsum Ceiling,Not Applicable,Low: <= 234,ceilings_gypsum.csv,False
Ceilings,USG,Gypsum Board Ceiling,Gypsum,Gypsum Board,12.5 mm / 120x240 cm,Full Ceiling,2.88,Low,8.7,Sheet,Area_m2/Coverage,1,Ceiling,False,226,Ceilings,Gypsum Board Ceiling,Gypsum Board Ceiling,Not Applicable,Low: <= 234,ceilings_gypsum.csv,False
Ceilings,Gyproc,Gypsum Board Ceiling,Gypsum,Gypsum Board,12.5 mm / 120x240 cm,Full Ceiling,2.88,High,8.7,Sheet,Area_m2/Coverage,1,Ceiling,False,322,Ceilings,Gypsum Board Ceiling,Gypsum Board Ceiling,Not Applicable,High: > 285,ceilings_gypsum.csv,False
Ceilings,USG,Gypsum Board Ceiling,Gypsum,Gypsum Board,12.5 mm / 120x240 cm,Full Ceiling,2.88,Low,8.7,Sheet,Area_m2/Coverage,1,Ceiling,False,215,Ceilings,Gypsum Board Ceiling,Gypsum Board Ceiling,Not Applicable,Low: <= 234,ceilings_gypsum.csv,False
Ceilings,USG,Gypsum Board Ceiling,Gypsum,Gypsum Board,12.5 mm / 120x240 cm,Full Ceiling,2.88,High,8.7,Sheet,Area_m2/Coverage,1,Ceiling,False,349,Ceilings,Gypsum Board Ceiling,Gypsum Board Ceiling,Not Applicable,High: > 285,ceilings_gypsum.csv,False
Ceilings,Knauf,Gypsum Board Ceiling,Gypsum,Gypsum Board,12.5 mm / 120x240 cm,Full Ceiling,2.88,High,8.7,Sheet,Area_m2/Coverage,1,Ceiling,False,326,Ceilings,Gypsum Board Ceiling,Gypsum Board Ceiling,Not Applicable,High: > 285,ceilings_gypsum.csv,False
Ceilings,USG Boral,Gypsum Board Ceiling,Gypsum,Gypsum Board,12.5 mm / 120x240 cm,Full Ceiling,2.88,Low,8.7,Sheet,Area_m2/Coverage,1,Ceiling,False,234,Ceilings,Gypsum Board Ceiling,Gypsum Board Ceiling,Not Applicable,Low: <= 234,ceilings_gypsum.csv,False
Ceilings,Knauf,Decorative Gypsum Ceiling,Gypsum,Decorative Panel,60x60 cm,Reception,0.36,Medium,8.4,Piece,Area_m2/Coverage,1,Reception,True,282,Ceilings,Decorative Gypsum Ceiling,Decorative Gypsum Ceiling,Not Applicable,Medium: 234 - 285,ceilings_gypsum.csv,False
Ceilings,Siniat,Gypsum Board Ceiling,Gypsum,Gypsum Board,12.5 mm / 120x240 cm,Full Ceiling,2.88,Low,8.7,Sheet,Area_m2/Coverage,1,Ceiling,False,220,Ceilings,Gypsum Board Ceiling,Gypsum Board Ceiling,Not Applicable,Low: <= 234,ceilings_gypsum.csv,False
Ceilings,Siniat,Decorative Gypsum Ceiling,Gypsum,Decorative Panel,60x60 cm,Reception,0.36,Low,8.4,Piece,Area_m2/Coverage,1,Reception,True,199,Ceilings,Decorative Gypsum Ceiling,Decorative Gypsum Ceiling,Not Applicable,Low: <= 234,ceilings_gypsum.csv,False
Ceilings,USG Boral,Gypsum Board Ceiling,Gypsum,Gypsum Board,12.5 mm / 120x240 cm,Full Ceiling,2.88,Low,8.7,Sheet,Area_m2/Coverage,1,Ceiling,False,227,Ceilings,Gypsum Board Ceiling,Gypsum Board Ceiling,Not Applicable,Low: <= 234,ceilings_gypsum.csv,False
Ceilings,USG,Gypsum Board Ceiling,Gypsum,Gypsum Board,12.5 mm / 120x240 cm,Full Ceiling,2.88,High,8.7,Sheet,Area_m2/Coverage,1,Ceiling,False,294,Ceilings,Gypsum Board Ceiling,Gypsum Board Ceiling,Not Applicable,High: > 285,ceilings_gypsum.csv,False
Ceilings,Siniat,Decorative Gypsum Ceiling,Gypsum,Decorative Panel,60x60 cm,Reception,0.36,Medium,8.4,Piece,Area_m2/Coverage,1,Reception,True,270,Ceilings,Decorative Gypsum Ceiling,Decorative Gypsum Ceiling,Not Applicable,Medium: 234 - 285,ceilings_gypsum.csv,False
Ceilings,USG Boral,Gypsum Board Ceiling,Gypsum,Gypsum Board,12.5 mm / 120x240 cm,Full Ceiling,2.88,Low,8.7,Sheet,Area_m2/Coverage,1,Ceiling,False,202,Ceilings,Gypsum Board Ceiling,Gypsum Board Ceiling,Not Applicable,Low: <= 234,ceilings_gypsum.csv,False
Ceilings,USG,Gypsum Board Ceiling,Gypsum,Gypsum Board,12.5 mm / 120x240 cm,Full Ceiling,2.88,Medium,8.7,Sheet,Area_m2/Coverage,1,Ceiling,False,255,Ceilings,Gypsum Board Ceiling,Gypsum Board Ceiling,Not Applicable,Medium: 234 - 285,ceilings_gypsum.csv,False
Ceilings,USG,Decorative Gypsum Ceiling,Gypsum,Decorative Panel,60x60 cm,Reception,0.36,Medium,8.4,Piece,Area_m2/Coverage,1,Reception,True,254,Ceilings,Decorative Gypsum Ceiling,Decorative Gypsum Ceiling,Not Applicable,Medium: 234 - 285,ceilings_gypsum.csv,False
Ceilings,USG,Gypsum Board Ceiling,Gypsum,Gypsum Board,12.5 mm / 120x240 cm,Full Ceiling,2.88,Low,8.7,Sheet,Area_m2/Coverage,1,Ceiling,False,181,Ceilings,Gypsum Board Ceiling,Gypsum Board Ceiling,Not Applicable,Low: <= 234,ceilings_gypsum.csv,False
Ceilings,Gyproc,Gypsum Board Ceiling,Gypsum,Gypsum Board,12.5 mm / 120x240 cm,Full Ceiling,2.88,Medium,8.7,Sheet,Area_m2/Coverage,1,Ceiling,False,281,Ceilings,Gypsum Board Ceiling,Gypsum Board Ceiling,Not Applicable,Medium: 234 - 285,ceilings_gypsum.csv,False
Ceilings,USG,Gypsum Board Ceiling,Gypsum,Gypsum Board,12.5 mm / 120x240 cm,Full Ceiling,2.88,Medium,8.7,Sheet,Area_m2/Coverage,1,Ceiling,False,269,Ceilings,Gypsum Board Ceiling,Gypsum Board Ceiling,Not Applicable,Medium: 234 - 285,ceilings_gypsum.csv,False
Ceilings,USG,Gypsum Board Ceiling,Gypsum,Gypsum Board,12.5 mm / 120x240 cm,Full Ceiling,2.88,Low,8.7,Sheet,Area_m2/Coverage,1,Ceiling,False,186,Ceilings,Gypsum Board Ceiling,Gypsum Board Ceiling,Not Applicable,Low: <= 234,ceilings_gypsum.csv,False
Ceilings,Knauf,Gypsum Board Ceiling,Gypsum,Gypsum Board,12.5 mm / 120x240 cm,Full Ceiling,2.88,Medium,8.7,Sheet,Area_m2/Coverage,1,Ceiling,False,264,Ceilings,Gypsum Board Ceiling,Gypsum Board Ceiling,Not Applicable,Medium: 234 - 285,ceilings_gypsum.csv,False
Ceilings,Gyproc,Gypsum Board Ceiling,Gypsum,Gypsum Board,12.5 mm / 120x240 cm,Full Ceiling,2.88,Medium,8.7,Sheet,Area_m2/Coverage,1,Ceiling,False,263,Ceilings,Gypsum Board Ceiling,Gypsum Board Ceiling,Not Applicable,Medium: 234 - 285,ceilings_gypsum.csv,False
Ceilings,Siniat,Gypsum Board Ceiling,Gypsum,Gypsum Board,12.5 mm / 120x240 cm,Full Ceiling,2.88,Low,8.7,Sheet,Area_m2/Coverage,1,Ceiling,False,199,Ceilings,Gypsum Board Ceiling,Gypsum Board Ceiling,Not Applicable,Low: <= 234,ceilings_gypsum.csv,False
Ceilings,Knauf,Decorative Gypsum Ceiling,Gypsum,Decorative Panel,60x60 cm,Reception,0.36,High,8.4,Piece,Area_m2/Coverage,1,Reception,True,344,Ceilings,Decorative Gypsum Ceiling,Decorative Gypsum Ceiling,Not Applicable,High: > 285,ceilings_gypsum.csv,False
Ceilings,USG Boral,Gypsum Board Ceiling,Gypsum,Gypsum Board,12.5 mm / 120x240 cm,Full Ceiling,2.88,Low,8.7,Sheet,Area_m2/Coverage,1,Ceiling,False,214,Ceilings,Gypsum Board Ceiling,Gypsum Board Ceiling,Not Applicable,Low: <= 234,ceilings_gypsum.csv,False
Ceilings,Gyproc,Gypsum Board Ceiling,Gypsum,Gypsum Board,12.5 mm / 120x240 cm,Full Ceiling,2.88,Low,8.7,Sheet,Area_m2/Coverage,1,Ceiling,False,191,Ceilings,Gypsum Board Ceiling,Gypsum Board Ceiling,Not Applicable,Low: <= 234,ceilings_gypsum.csv,False
Ceilings,USG,Decorative Gypsum Ceiling,Gypsum,Decorative Panel,60x60 cm,Reception,0.36,Medium,8.4,Piece,Area_m2/Coverage,1,Reception,True,274,Ceilings,Decorative Gypsum Ceiling,Decorative Gypsum Ceiling,Not Applicable,Medium: 234 - 285,ceilings_gypsum.csv,False
Ceilings,USG,Gypsum Board Ceiling,Gypsum,Gypsum Board,12.5 mm / 120x240 cm,Full Ceiling,2.88,Medium,8.7,Sheet,Area_m2/Coverage,1,Ceiling,False,274,Ceilings,Gypsum Board Ceiling,Gypsum Board Ceiling,Not Applicable,Medium: 234 - 285,ceilings_gypsum.csv,False
Ceilings,USG Boral,Gypsum Board Ceiling,Gypsum,Gypsum Board,12.5 mm / 120x240 cm,Full Ceiling,2.88,High,8.7,Sheet,Area_m2/Coverage,1,Ceiling,False,330,Ceilings,Gypsum Board Ceiling,Gypsum Board Ceiling,Not Applicable,High: > 285,ceilings_gypsum.csv,False
Ceilings,Siniat,Gypsum Board Ceiling,Gypsum,Gypsum Board,12.5 mm / 120x240 cm,Full Ceiling,2.88,High,8.7,Sheet,Area_m2/Coverage,1,Ceiling,False,308,Ceilings,Gypsum Board Ceiling,Gypsum Board Ceiling,Not Applicable,High: > 285,ceilings_gypsum.csv,False
Ceilings,USG,Decorative Gypsum Ceiling,Gypsum,Decorative Panel,60x60 cm,Reception,0.36,Low,8.4,Piece,Area_m2/Coverage,1,Reception,True,184,Ceilings,Decorative Gypsum Ceiling,Decorative Gypsum Ceiling,Not Applicable,Low: <= 234,ceilings_gypsum.csv,False
Ceilings,Gyproc,Gypsum Board Ceiling,Gypsum,Gypsum Board,12.5 mm / 120x240 cm,Full Ceiling,2.88,High,8.7,Sheet,Area_m2/Coverage,1,Ceiling,False,288,Ceilings,Gypsum Board Ceiling,Gypsum Board Ceiling,Not Applicable,High: > 285,ceilings_gypsum.csv,False
Ceilings,USG Boral,Gypsum Board Ceiling,Gypsum,Gypsum Board,12.5 mm / 120x240 cm,Full Ceiling,2.88,Low,8.7,Sheet,Area_m2/Coverage,1,Ceiling,False,180,Ceilings,Gypsum Board Ceiling,Gypsum Board Ceiling,Not Applicable,Low: <= 234,ceilings_gypsum.csv,False
Ceilings,Gyproc,Decorative Gypsum Ceiling,Gypsum,Decorative Panel,60x60 cm,Reception,0.36,High,8.4,Piece,Area_m2/Coverage,1,Reception,True,327,Ceilings,Decorative Gypsum Ceiling,Decorative Gypsum Ceiling,Not Applicable,High: > 285,ceilings_gypsum.csv,False
Ceilings,Gyproc,Gypsum Board Ceiling,Gypsum,Gypsum Board,12.5 mm / 120x240 cm,Full Ceiling,2.88,Medium,8.7,Sheet,Area_m2/Coverage,1,Ceiling,False,283,Ceilings,Gypsum Board Ceiling,Gypsum Board Ceiling,Not Applicable,Medium: 234 - 285,ceilings_gypsum.csv,False
Ceilings,Gyproc,Decorative Gypsum Ceiling,Gypsum,Decorative Panel,60x60 cm,Reception,0.36,Medium,8.4,Piece,Area_m2/Coverage,1,Reception,True,262,Ceilings,Decorative Gypsum Ceiling,Decorative Gypsum Ceiling,Not Applicable,Medium: 234 - 285,ceilings_gypsum.csv,False
Ceilings,USG Boral,Gypsum Board Ceiling,Gypsum,Gypsum Board,12.5 mm / 120x240 cm,Full Ceiling,2.88,High,8.7,Sheet,Area_m2/Coverage,1,Ceiling,False,307,Ceilings,Gypsum Board Ceiling,Gypsum Board Ceiling,Not Applicable,High: > 285,ceilings_gypsum.csv,False
Ceilings,Knauf,Gypsum Board Ceiling,Gypsum,Gypsum Board,12.5 mm / 120x240 cm,Full Ceiling,2.88,High,8.7,Sheet,Area_m2/Coverage,1,Ceiling,False,322,Ceilings,Gypsum Board Ceiling,Gypsum Board Ceiling,Not Applicable,High: > 285,ceilings_gypsum.csv,False
Ceilings,Gyproc,Decorative Gypsum Ceiling,Gypsum,Decorative Panel,60x60 cm,Reception,0.36,Medium,8.4,Piece,Area_m2/Coverage,1,Reception,True,251,Ceilings,Decorative Gypsum Ceiling,Decorative Gypsum Ceiling,Not Applicable,Medium: 234 - 285,ceilings_gypsum.csv,False
Ceilings,Knauf,Gypsum Board Ceiling,Gypsum,Gypsum Board,12.5 mm / 120x240 cm,Full Ceiling,2.88,Low,8.7,Sheet,Area_m2/Coverage,1,Ceiling,False,227,Ceilings,Gypsum Board Ceiling,Gypsum Board Ceiling,Not Applicable,Low: <= 234,ceilings_gypsum.csv,False
Ceilings,USG Boral,Decorative Gypsum Ceiling,Gypsum,Decorative Panel,60x60 cm,Reception,0.36,Medium,8.4,Piece,Area_m2/Coverage,1,Reception,True,276,Ceilings,Decorative Gypsum Ceiling,Decorative Gypsum Ceiling,Not Applicable,Medium: 234 - 285,ceilings_gypsum.csv,False
Ceilings,Siniat,Decorative Gypsum Ceiling,Gypsum,Decorative Panel,60x60 cm,Reception,0.36,Low,8.4,Piece,Area_m2/Coverage,1,Reception,True,191,Ceilings,Decorative Gypsum Ceiling,Decorative Gypsum Ceiling,Not Applicable,Low: <= 234,ceilings_gypsum.csv,False
Ceilings,USG Boral,Gypsum Board Ceiling,Gypsum,Gypsum Board,12.5 mm / 120x240 cm,Full Ceiling,2.88,High,8.7,Sheet,Area_m2/Coverage,1,Ceiling,False,286,Ceilings,Gypsum Board Ceiling,Gypsum Board Ceiling,Not Applicable,High: > 285,ceilings_gypsum.csv,False
Ceilings,Gyproc,Gypsum Board Ceiling,Gypsum,Gypsum Board,12.5 mm / 120x240 cm,Full Ceiling,2.88,Low,8.7,Sheet,Area_m2/Coverage,1,Ceiling,False,226,Ceilings,Gypsum Board Ceiling,Gypsum Board Ceiling,Not Applicable,Low: <= 234,ceilings_gypsum.csv,False
Ceilings,USG,Decorative Gypsum Ceiling,Gypsum,Decorative Panel,60x60 cm,Reception,0.36,Low,8.4,Piece,Area_m2/Coverage,1,Reception,True,213,Ceilings,Decorative Gypsum Ceiling,Decorative Gypsum Ceiling,Not Applicable,Low: <= 234,ceilings_gypsum.csv,False
Ceilings,Knauf,Gypsum Board Ceiling,Gypsum,Gypsum Board,12.5 mm / 120x240 cm,Full Ceiling,2.88,High,8.7,Sheet,Area_m2/Coverage,1,Ceiling,False,298,Ceilings,Gypsum Board Ceiling,Gypsum Board Ceiling,Not Applicable,High: > 285,ceilings_gypsum.csv,False
Ceilings,Siniat,Gypsum Board Ceiling,Gypsum,Gypsum Board,12.5 mm / 120x240 cm,Full Ceiling,2.88,Medium,8.7,Sheet,Area_m2/Coverage,1,Ceiling,False,278,Ceilings,Gypsum Board Ceiling,Gypsum Board Ceiling,Not Applicable,Medium: 234 - 285,ceilings_gypsum.csv,False
Ceilings,USG Boral,Gypsum Board Ceiling,Gypsum,Gypsum Board,12.5 mm / 120x240 cm,Full Ceiling,2.88,Low,8.7,Sheet,Area_m2/Coverage,1,Ceiling,False,204,Ceilings,Gypsum Board Ceiling,Gypsum Board Ceiling,Not Applicable,Low: <= 234,ceilings_gypsum.csv,False
Ceilings,Knauf,Gypsum Board Ceiling,Gypsum,Gypsum Board,12.5 mm / 120x240 cm,Full Ceiling,2.88,Medium,8.7,Sheet,Area_m2/Coverage,1,Ceiling,False,279,Ceilings,Gypsum Board Ceiling,Gypsum Board Ceiling,Not Applicable,Medium: 234 - 285,ceilings_gypsum.csv,False
Ceilings,USG Boral,Gypsum Board Ceiling,Gypsum,Gypsum Board,12.5 mm / 120x240 cm,Full Ceiling,2.88,High,8.7,Sheet,Area_m2/Coverage,1,Ceiling,False,296,Ceilings,Gypsum Board Ceiling,Gypsum Board Ceiling,Not Applicable,High: > 285,ceilings_gypsum.csv,False
Ceilings,Knauf,Decorative Gypsum Ceiling,Gypsum,Decorative Panel,60x60 cm,Reception,0.36,Medium,8.4,Piece,Area_m2/Coverage,1,Reception,True,279,Ceilings,Decorative Gypsum Ceiling,Decorative Gypsum Ceiling,Not Applicable,Medium: 234 - 285,ceilings_gypsum.csv,False
Ceilings,USG,Decorative Gypsum Ceiling,Gypsum,Decorative Panel,60x60 cm,Reception,0.36,Medium,8.4,Piece,Area_m2/Coverage,1,Reception,True,277,Ceilings,Decorative Gypsum Ceiling,Decorative Gypsum Ceiling,Not Applicable,Medium: 234 - 285,ceilings_gypsum.csv,False
Ceilings,Gyproc,Gypsum Board Ceiling,Gypsum,Gypsum Board,12.5 mm / 120x240 cm,Full Ceiling,2.88,Low,8.7,Sheet,Area_m2/Coverage,1,Ceiling,False,207,Ceilings,Gypsum Board Ceiling,Gypsum Board Ceiling,Not Applicable,Low: <= 234,ceilings_gypsum.csv,False
Ceilings,Gyproc,Gypsum Board Ceiling,Gypsum,Gypsum Board,12.5 mm / 120x240 cm,Full Ceiling,2.88,Medium,8.7,Sheet,Area_m2/Coverage,1,Ceiling,False,265,Ceilings,Gypsum Board Ceiling,Gypsum Board Ceiling,Not Applicable,Medium: 234 - 285,ceilings_gypsum.csv,False
Ceilings,Gyproc,Gypsum Board Ceiling,Gypsum,Gypsum Board,12.5 mm / 120x240 cm,Full Ceiling,2.88,High,8.7,Sheet,Area_m2/Coverage,1,Ceiling,False,329,Ceilings,Gypsum Board Ceiling,Gypsum Board Ceiling,Not Applicable,High: > 285,ceilings_gypsum.csv,False
Ceilings,Siniat,Decorative Gypsum Ceiling,Gypsum,Decorative Panel,60x60 cm,Reception,0.36,Medium,8.4,Piece,Area_m2/Coverage,1,Reception,True,238,Ceilings,Decorative Gypsum Ceiling,Decorative Gypsum Ceiling,Not Applicable,Medium: 234 - 285,ceilings_gypsum.csv,False
Ceilings,Gyproc,Gypsum Board Ceiling,Gypsum,Gypsum Board,12.5 mm / 120x240 cm,Full Ceiling,2.88,Medium,8.7,Sheet,Area_m2/Coverage,1,Ceiling,False,235,Ceilings,Gypsum Board Ceiling,Gypsum Board Ceiling,Not Applicable,Medium: 234 - 285,ceilings_gypsum.csv,False
Ceilings,Gyproc,Gypsum Board Ceiling,Gypsum,Gypsum Board,12.5 mm / 120x240 cm,Full Ceiling,2.88,Medium,8.7,Sheet,Area_m2/Coverage,1,Ceiling,False,285,Ceilings,Gypsum Board Ceiling,Gypsum Board Ceiling,Not Applicable,Medium: 234 - 285,ceilings_gypsum.csv,False
Ceilings,Gyproc,Gypsum Board Ceiling,Gypsum,Gypsum Board,12.5 mm / 120x240 cm,Full Ceiling,2.88,Medium,8.7,Sheet,Area_m2/Coverage,1,Ceiling,False,255,Ceilings,Gypsum Board Ceiling,Gypsum Board Ceiling,Not Applicable,Medium: 234 - 285,ceilings_gypsum.csv,False
Ceilings,Knauf,Gypsum Board Ceiling,Gypsum,Gypsum Board,12.5 mm / 120x240 cm,Full Ceiling,2.88,Low,8.7,Sheet,Area_m2/Coverage,1,Ceiling,False,231,Ceilings,Gypsum Board Ceiling,Gypsum Board Ceiling,Not Applicable,Low: <= 234,ceilings_gypsum.csv,False
Ceilings,USG Boral,Decorative Gypsum Ceiling,Gypsum,Decorative Panel,60x60 cm,Reception,0.36,Low,8.4,Piece,Area_m2/Coverage,1,Reception,True,199,Ceilings,Decorative Gypsum Ceiling,Decorative Gypsum Ceiling,Not Applicable,Low: <= 234,ceilings_gypsum.csv,False
Ceilings,Siniat,Gypsum Board Ceiling,Gypsum,Gypsum Board,12.5 mm / 120x240 cm,Full Ceiling,2.88,Medium,8.7,Sheet,Area_m2/Coverage,1,Ceiling,False,254,Ceilings,Gypsum Board Ceiling,Gypsum Board Ceiling,Not Applicable,Medium: 234 - 285,ceilings_gypsum.csv,False
Ceilings,Gyproc,Gypsum Board Ceiling,Gypsum,Gypsum Board,12.5 mm / 120x240 cm,Full Ceiling,2.88,Medium,8.7,Sheet,Area_m2/Coverage,1,Ceiling,False,271,Ceilings,Gypsum Board Ceiling,Gypsum Board Ceiling,Not Applicable,Medium: 234 - 285,ceilings_gypsum.csv,False
Ceilings,USG,Gypsum Board Ceiling,Gypsum,Gypsum Board,12.5 mm / 120x240 cm,Full Ceiling,2.88,High,8.7,Sheet,Area_m2/Coverage,1,Ceiling,False,328,Ceilings,Gypsum Board Ceiling,Gypsum Board Ceiling,Not Applicable,High: > 285,ceilings_gypsum.csv,False
Ceilings,Knauf,Decorative Gypsum Ceiling,Gypsum,Decorative Panel,60x60 cm,Reception,0.36,Medium,8.4,Piece,Area_m2/Coverage,1,Reception,True,271,Ceilings,Decorative Gypsum Ceiling,Decorative Gypsum Ceiling,Not Applicable,Medium: 234 - 285,ceilings_gypsum.csv,False
Ceilings,Knauf,Gypsum Board Ceiling,Gypsum,Gypsum Board,12.5 mm / 120x240 cm,Full Ceiling,2.88,Low,8.7,Sheet,Area_m2/Coverage,1,Ceiling,False,188,Ceilings,Gypsum Board Ceiling,Gypsum Board Ceiling,Not Applicable,Low: <= 234,ceilings_gypsum.csv,False
Ceilings,Knauf,Decorative Gypsum Ceiling,Gypsum,Decorative Panel,60x60 cm,Reception,0.36,Medium,8.4,Piece,Area_m2/Coverage,1,Reception,True,261,Ceilings,Decorative Gypsum Ceiling,Decorative Gypsum Ceiling,Not Applicable,Medium: 234 - 285,ceilings_gypsum.csv,False
Ceilings,USG,Gypsum Board Ceiling,Gypsum,Gypsum Board,12.5 mm / 120x240 cm,Full Ceiling,2.88,High,8.7,Sheet,Area_m2/Coverage,1,Ceiling,False,348,Ceilings,Gypsum Board Ceiling,Gypsum Board Ceiling,Not Applicable,High: > 285,ceilings_gypsum.csv,False
Ceilings,Knauf,Gypsum Board Ceiling,Gypsum,Gypsum Board,12.5 mm / 120x240 cm,Full Ceiling,2.88,High,8.7,Sheet,Area_m2/Coverage,1,Ceiling,False,341,Ceilings,Gypsum Board Ceiling,Gypsum Board Ceiling,Not Applicable,High: > 285,ceilings_gypsum.csv,False
Ceilings,Gyproc,Gypsum Board Ceiling,Gypsum,Gypsum Board,12.5 mm / 120x240 cm,Full Ceiling,2.88,Medium,8.7,Sheet,Area_m2/Coverage,1,Ceiling,False,284,Ceilings,Gypsum Board Ceiling,Gypsum Board Ceiling,Not Applicable,Medium: 234 - 285,ceilings_gypsum.csv,False
Ceilings,USG Boral,Gypsum Board Ceiling,Gypsum,Gypsum Board,12.5 mm / 120x240 cm,Full Ceiling,2.88,High,8.7,Sheet,Area_m2/Coverage,1,Ceiling,False,333,Ceilings,Gypsum Board Ceiling,Gypsum Board Ceiling,Not Applicable,High: > 285,ceilings_gypsum.csv,False
Ceilings,Knauf,Decorative Gypsum Ceiling,Gypsum,Decorative Panel,60x60 cm,Reception,0.36,Low,8.4,Piece,Area_m2/Coverage,1,Reception,True,215,Ceilings,Decorative Gypsum Ceiling,Decorative Gypsum Ceiling,Not Applicable,Low: <= 234,ceilings_gypsum.csv,False
Ceilings,Knauf,Gypsum Board Ceiling,Gypsum,Gypsum Board,12.5 mm / 120x240 cm,Full Ceiling,2.88,High,8.7,Sheet,Area_m2/Coverage,1,Ceiling,False,318,Ceilings,Gypsum Board Ceiling,Gypsum Board Ceiling,Not Applicable,High: > 285,ceilings_gypsum.csv,False
Ceilings,Knauf,Gypsum Board Ceiling,Gypsum,Gypsum Board,12.5 mm / 120x240 cm,Full Ceiling,2.88,Low,8.7,Sheet,Area_m2/Coverage,1,Ceiling,False,196,Ceilings,Gypsum Board Ceiling,Gypsum Board Ceiling,Not Applicable,Low: <= 234,ceilings_gypsum.csv,False
Ceilings,Siniat,Gypsum Board Ceiling,Gypsum,Gypsum Board,12.5 mm / 120x240 cm,Full Ceiling,2.88,High,8.7,Sheet,Area_m2/Coverage,1,Ceiling,False,301,Ceilings,Gypsum Board Ceiling,Gypsum Board Ceiling,Not Applicable,High: > 285,ceilings_gypsum.csv,False
Ceilings,USG,Decorative Gypsum Ceiling,Gypsum,Decorative Panel,60x60 cm,Reception,0.36,Medium,8.4,Piece,Area_m2/Coverage,1,Reception,True,269,Ceilings,Decorative Gypsum Ceiling,Decorative Gypsum Ceiling,Not Applicable,Medium: 234 - 285,ceilings_gypsum.csv,False
Ceilings,Siniat,Gypsum Board Ceiling,Gypsum,Gypsum Board,12.5 mm / 120x240 cm,Full Ceiling,2.88,Low,8.7,Sheet,Area_m2/Coverage,1,Ceiling,False,195,Ceilings,Gypsum Board Ceiling,Gypsum Board Ceiling,Not Applicable,Low: <= 234,ceilings_gypsum.csv,False
Ceilings,USG Boral,Gypsum Board Ceiling,Gypsum,Gypsum Board,12.5 mm / 120x240 cm,Full Ceiling,2.88,Medium,8.7,Sheet,Area_m2/Coverage,1,Ceiling,False,246,Ceilings,Gypsum Board Ceiling,Gypsum Board Ceiling,Not Applicable,Medium: 234 - 285,ceilings_gypsum.csv,False
Ceilings,USG Boral,Decorative Gypsum Ceiling,Gypsum,Decorative Panel,60x60 cm,Reception,0.36,High,8.4,Piece,Area_m2/Coverage,1,Reception,True,327,Ceilings,Decorative Gypsum Ceiling,Decorative Gypsum Ceiling,Not Applicable,High: > 285,ceilings_gypsum.csv,False
Ceilings,Gyproc,Decorative Gypsum Ceiling,Gypsum,Decorative Panel,60x60 cm,Reception,0.36,High,8.4,Piece,Area_m2/Coverage,1,Reception,True,306,Ceilings,Decorative Gypsum Ceiling,Decorative Gypsum Ceiling,Not Applicable,High: > 285,ceilings_gypsum.csv,False
Ceilings,Gyproc,Decorative Gypsum Ceiling,Gypsum,Decorative Panel,60x60 cm,Reception,0.36,Medium,8.4,Piece,Area_m2/Coverage,1,Reception,True,261,Ceilings,Decorative Gypsum Ceiling,Decorative Gypsum Ceiling,Not Applicable,Medium: 234 - 285,ceilings_gypsum.csv,False
Ceilings,Siniat,Gypsum Board Ceiling,Gypsum,Gypsum Board,12.5 mm / 120x240 cm,Full Ceiling,2.88,High,8.7,Sheet,Area_m2/Coverage,1,Ceiling,False,292,Ceilings,Gypsum Board Ceiling,Gypsum Board Ceiling,Not Applicable,High: > 285,ceilings_gypsum.csv,False
Ceilings,Siniat,Gypsum Board Ceiling,Gypsum,Gypsum Board,12.5 mm / 120x240 cm,Full Ceiling,2.88,Low,8.7,Sheet,Area_m2/Coverage,1,Ceiling,False,233,Ceilings,Gypsum Board Ceiling,Gypsum Board Ceiling,Not Applicable,Low: <= 234,ceilings_gypsum.csv,False
Ceilings,USG Boral,Gypsum Board Ceiling,Gypsum,Gypsum Board,12.5 mm / 120x240 cm,Full Ceiling,2.88,High,8.7,Sheet,Area_m2/Coverage,1,Ceiling,False,327,Ceilings,Gypsum Board Ceiling,Gypsum Board Ceiling,Not Applicable,High: > 285,ceilings_gypsum.csv,False
Ceilings,USG,Gypsum Board Ceiling,Gypsum,Gypsum Board,12.5 mm / 120x240 cm,Full Ceiling,2.88,Low,8.7,Sheet,Area_m2/Coverage,1,Ceiling,False,212,Ceilings,Gypsum Board Ceiling,Gypsum Board Ceiling,Not Applicable,Low: <= 234,ceilings_gypsum.csv,False
Ceilings,Gyproc,Gypsum Board Ceiling,Gypsum,Gypsum Board,12.5 mm / 120x240 cm,Full Ceiling,2.88,Medium,8.7,Sheet,Area_m2/Coverage,1,Ceiling,False,250,Ceilings,Gypsum Board Ceiling,Gypsum Board Ceiling,Not Applicable,Medium: 234 - 285,ceilings_gypsum.csv,False
Ceilings,USG Boral,Gypsum Board Ceiling,Gypsum,Gypsum Board,12.5 mm / 120x240 cm,Full Ceiling,2.88,High,8.7,Sheet,Area_m2/Coverage,1,Ceiling,False,337,Ceilings,Gypsum Board Ceiling,Gypsum Board Ceiling,Not Applicable,High: > 285,ceilings_gypsum.csv,False
Ceilings,Knauf,Decorative Gypsum Ceiling,Gypsum,Decorative Panel,60x60 cm,Reception,0.36,Medium,8.4,Piece,Area_m2/Coverage,1,Reception,True,241,Ceilings,Decorative Gypsum Ceiling,Decorative Gypsum Ceiling,Not Applicable,Medium: 234 - 285,ceilings_gypsum.csv,False
Ceilings,USG,Decorative Gypsum Ceiling,Gypsum,Decorative Panel,60x60 cm,Reception,0.36,Medium,8.4,Piece,Area_m2/Coverage,1,Reception,True,263,Ceilings,Decorative Gypsum Ceiling,Decorative Gypsum Ceiling,Not Applicable,Medium: 234 - 285,ceilings_gypsum.csv,False
Ceilings,USG,Gypsum Board Ceiling,Gypsum,Gypsum Board,12.5 mm / 120x240 cm,Full Ceiling,2.88,High,8.7,Sheet,Area_m2/Coverage,1,Ceiling,False,290,Ceilings,Gypsum Board Ceiling,Gypsum Board Ceiling,Not Applicable,High: > 285,ceilings_gypsum.csv,False
Ceilings,Knauf,Gypsum Board Ceiling,Gypsum,Gypsum Board,12.5 mm / 120x240 cm,Full Ceiling,2.88,High,8.7,Sheet,Area_m2/Coverage,1,Ceiling,False,327,Ceilings,Gypsum Board Ceiling,Gypsum Board Ceiling,Not Applicable,High: > 285,ceilings_gypsum.csv,False
Ceilings,Siniat,Decorative Gypsum Ceiling,Gypsum,Decorative Panel,60x60 cm,Reception,0.36,Medium,8.4,Piece,Area_m2/Coverage,1,Reception,True,254,Ceilings,Decorative Gypsum Ceiling,Decorative Gypsum Ceiling,Not Applicable,Medium: 234 - 285,ceilings_gypsum.csv,False
Ceilings,USG Boral,Gypsum Board Ceiling,Gypsum,Gypsum Board,12.5 mm / 120x240 cm,Full Ceiling,2.88,Medium,8.7,Sheet,Area_m2/Coverage,1,Ceiling,False,243,Ceilings,Gypsum Board Ceiling,Gypsum Board Ceiling,Not Applicable,Medium: 234 - 285,ceilings_gypsum.csv,False
Ceilings,Siniat,Decorative Gypsum Ceiling,Gypsum,Decorative Panel,60x60 cm,Reception,0.36,Medium,8.4,Piece,Area_m2/Coverage,1,Reception,True,241,Ceilings,Decorative Gypsum Ceiling,Decorative Gypsum Ceiling,Not Applicable,Medium: 234 - 285,ceilings_gypsum.csv,False
Ceilings,Gyproc,Gypsum Board Ceiling,Gypsum,Gypsum Board,12.5 mm / 120x240 cm,Full Ceiling,2.88,Medium,8.7,Sheet,Area_m2/Coverage,1,Ceiling,False,244,Ceilings,Gypsum Board Ceiling,Gypsum Board Ceiling,Not Applicable,Medium: 234 - 285,ceilings_gypsum.csv,False
Ceilings,Gyproc,Decorative Gypsum Ceiling,Gypsum,Decorative Panel,60x60 cm,Reception,0.36,Medium,8.4,Piece,Area_m2/Coverage,1,Reception,True,245,Ceilings,Decorative Gypsum Ceiling,Decorative Gypsum Ceiling,Not Applicable,Medium: 234 - 285,ceilings_gypsum.csv,False
Ceilings,USG Boral,Gypsum Board Ceiling,Gypsum,Gypsum Board,12.5 mm / 120x240 cm,Full Ceiling,2.88,High,8.7,Sheet,Area_m2/Coverage,1,Ceiling,False,329,Ceilings,Gypsum Board Ceiling,Gypsum Board Ceiling,Not Applicable,High: > 285,ceilings_gypsum.csv,False
Ceilings,Knauf,Decorative Gypsum Ceiling,Gypsum,Decorative Panel,60x60 cm,Reception,0.36,Low,8.4,Piece,Area_m2/Coverage,1,Reception,True,218,Ceilings,Decorative Gypsum Ceiling,Decorative Gypsum Ceiling,Not Applicable,Low: <= 234,ceilings_gypsum.csv,False
Ceilings,Gyproc,Decorative Gypsum Ceiling,Gypsum,Decorative Panel,60x60 cm,Reception,0.36,High,8.4,Piece,Area_m2/Coverage,1,Reception,True,339,Ceilings,Decorative Gypsum Ceiling,Decorative Gypsum Ceiling,Not Applicable,High: > 285,ceilings_gypsum.csv,False
Ceilings,Siniat,Gypsum Board Ceiling,Gypsum,Gypsum Board,12.5 mm / 120x240 cm,Full Ceiling,2.88,Low,8.7,Sheet,Area_m2/Coverage,1,Ceiling,False,227,Ceilings,Gypsum Board Ceiling,Gypsum Board Ceiling,Not Applicable,Low: <= 234,ceilings_gypsum.csv,False
Ceilings,Gyproc,Gypsum Board Ceiling,Gypsum,Gypsum Board,12.5 mm / 120x240 cm,Full Ceiling,2.88,High,8.7,Sheet,Area_m2/Coverage,1,Ceiling,False,337,Ceilings,Gypsum Board Ceiling,Gypsum Board Ceiling,Not Applicable,High: > 285,ceilings_gypsum.csv,False
Ceilings,USG Boral,Decorative Gypsum Ceiling,Gypsum,Decorative Panel,60x60 cm,Reception,0.36,Low,8.4,Piece,Area_m2/Coverage,1,Reception,True,195,Ceilings,Decorative Gypsum Ceiling,Decorative Gypsum Ceiling,Not Applicable,Low: <= 234,ceilings_gypsum.csv,False
Ceilings,Gyproc,Gypsum Board Ceiling,Gypsum,Gypsum Board,12.5 mm / 120x240 cm,Full Ceiling,2.88,High,8.7,Sheet,Area_m2/Coverage,1,Ceiling,False,304,Ceilings,Gypsum Board Ceiling,Gypsum Board Ceiling,Not Applicable,High: > 285,ceilings_gypsum.csv,False
Ceilings,Knauf,Decorative Gypsum Ceiling,Gypsum,Decorative Panel,60x60 cm,Reception,0.36,Medium,8.4,Piece,Area_m2/Coverage,1,Reception,True,274,Ceilings,Decorative Gypsum Ceiling,Decorative Gypsum Ceiling,Not Applicable,Medium: 234 - 285,ceilings_gypsum.csv,False
Ceilings,Knauf,Gypsum Board Ceiling,Gypsum,Gypsum Board,12.5 mm / 120x240 cm,Full Ceiling,2.88,Medium,8.7,Sheet,Area_m2/Coverage,1,Ceiling,False,277,Ceilings,Gypsum Board Ceiling,Gypsum Board Ceiling,Not Applicable,Medium: 234 - 285,ceilings_gypsum.csv,False
Ceilings,USG Boral,Decorative Gypsum Ceiling,Gypsum,Decorative Panel,60x60 cm,Reception,0.36,High,8.4,Piece,Area_m2/Coverage,1,Reception,True,342,Ceilings,Decorative Gypsum Ceiling,Decorative Gypsum Ceiling,Not Applicable,High: > 285,ceilings_gypsum.csv,False
Ceilings,Siniat,Gypsum Board Ceiling,Gypsum,Gypsum Board,12.5 mm / 120x240 cm,Full Ceiling,2.88,High,8.7,Sheet,Area_m2/Coverage,1,Ceiling,False,339,Ceilings,Gypsum Board Ceiling,Gypsum Board Ceiling,Not Applicable,High: > 285,ceilings_gypsum.csv,False
Ceilings,Gyproc,Decorative Gypsum Ceiling,Gypsum,Decorative Panel,60x60 cm,Reception,0.36,Low,8.4,Piece,Area_m2/Coverage,1,Reception,True,188,Ceilings,Decorative Gypsum Ceiling,Decorative Gypsum Ceiling,Not Applicable,Low: <= 234,ceilings_gypsum.csv,False
Ceilings,USG,Decorative Gypsum Ceiling,Gypsum,Decorative Panel,60x60 cm,Reception,0.36,Medium,8.4,Piece,Area_m2/Coverage,1,Reception,True,246,Ceilings,Decorative Gypsum Ceiling,Decorative Gypsum Ceiling,Not Applicable,Medium: 234 - 285,ceilings_gypsum.csv,False
Ceilings,Siniat,Decorative Gypsum Ceiling,Gypsum,Decorative Panel,60x60 cm,Reception,0.36,High,8.4,Piece,Area_m2/Coverage,1,Reception,True,322,Ceilings,Decorative Gypsum Ceiling,Decorative Gypsum Ceiling,Not Applicable,High: > 285,ceilings_gypsum.csv,False
Ceilings,USG Boral,Gypsum Board Ceiling,Gypsum,Gypsum Board,12.5 mm / 120x240 cm,Full Ceiling,2.88,Low,8.7,Sheet,Area_m2/Coverage,1,Ceiling,False,217,Ceilings,Gypsum Board Ceiling,Gypsum Board Ceiling,Not Applicable,Low: <= 234,ceilings_gypsum.csv,False
Ceilings,Knauf,Gypsum Board Ceiling,Gypsum,Gypsum Board,12.5 mm / 120x240 cm,Full Ceiling,2.88,High,8.7,Sheet,Area_m2/Coverage,1,Ceiling,False,347,Ceilings,Gypsum Board Ceiling,Gypsum Board Ceiling,Not Applicable,High: > 285,ceilings_gypsum.csv,False
Ceilings,USG Boral,Decorative Gypsum Ceiling,Gypsum,Decorative Panel,60x60 cm,Reception,0.36,Low,8.4,Piece,Area_m2/Coverage,1,Reception,True,202,Ceilings,Decorative Gypsum Ceiling,Decorative Gypsum Ceiling,Not Applicable,Low: <= 234,ceilings_gypsum.csv,False
Ceilings,Siniat,Gypsum Board Ceiling,Gypsum,Gypsum Board,12.5 mm / 120x240 cm,Full Ceiling,2.88,Medium,8.7,Sheet,Area_m2/Coverage,1,Ceiling,False,285,Ceilings,Gypsum Board Ceiling,Gypsum Board Ceiling,Not Applicable,Medium: 234 - 285,ceilings_gypsum.csv,False
Ceilings,USG Boral,Gypsum Board Ceiling,Gypsum,Gypsum Board,12.5 mm / 120x240 cm,Full Ceiling,2.88,High,8.7,Sheet,Area_m2/Coverage,1,Ceiling,False,315,Ceilings,Gypsum Board Ceiling,Gypsum Board Ceiling,Not Applicable,High: > 285,ceilings_gypsum.csv,False
Ceilings,Siniat,Gypsum Board Ceiling,Gypsum,Gypsum Board,12.5 mm / 120x240 cm,Full Ceiling,2.88,Low,8.7,Sheet,Area_m2/Coverage,1,Ceiling,False,187,Ceilings,Gypsum Board Ceiling,Gypsum Board Ceiling,Not Applicable,Low: <= 234,ceilings_gypsum.csv,False
Ceilings,USG,Decorative Gypsum Ceiling,Gypsum,Decorative Panel,60x60 cm,Reception,0.36,High,8.4,Piece,Area_m2/Coverage,1,Reception,True,320,Ceilings,Decorative Gypsum Ceiling,Decorative Gypsum Ceiling,Not Applicable,High: > 285,ceilings_gypsum.csv,False
Ceilings,USG,Gypsum Board Ceiling,Gypsum,Gypsum Board,12.5 mm / 120x240 cm,Full Ceiling,2.88,Low,8.7,Sheet,Area_m2/Coverage,1,Ceiling,False,187,Ceilings,Gypsum Board Ceiling,Gypsum Board Ceiling,Not Applicable,Low: <= 234,ceilings_gypsum.csv,False
Ceilings,Siniat,Decorative Gypsum Ceiling,Gypsum,Decorative Panel,60x60 cm,Reception,0.36,Medium,8.4,Piece,Area_m2/Coverage,1,Reception,True,252,Ceilings,Decorative Gypsum Ceiling,Decorative Gypsum Ceiling,Not Applicable,Medium: 234 - 285,ceilings_gypsum.csv,False
Ceilings,Knauf,Decorative Gypsum Ceiling,Gypsum,Decorative Panel,60x60 cm,Reception,0.36,Low,8.4,Piece,Area_m2/Coverage,1,Reception,True,212,Ceilings,Decorative Gypsum Ceiling,Decorative Gypsum Ceiling,Not Applicable,Low: <= 234,ceilings_gypsum.csv,False
Ceilings,USG,Gypsum Board Ceiling,Gypsum,Gypsum Board,12.5 mm / 120x240 cm,Full Ceiling,2.88,Medium,8.7,Sheet,Area_m2/Coverage,1,Ceiling,False,275,Ceilings,Gypsum Board Ceiling,Gypsum Board Ceiling,Not Applicable,Medium: 234 - 285,ceilings_gypsum.csv,False
Ceilings,Gyproc,Decorative Gypsum Ceiling,Gypsum,Decorative Panel,60x60 cm,Reception,0.36,High,8.4,Piece,Area_m2/Coverage,1,Reception,True,297,Ceilings,Decorative Gypsum Ceiling,Decorative Gypsum Ceiling,Not Applicable,High: > 285,ceilings_gypsum.csv,False
Ceilings,Knauf,Gypsum Board Ceiling,Gypsum,Gypsum Board,12.5 mm / 120x240 cm,Full Ceiling,2.88,Medium,8.7,Sheet,Area_m2/Coverage,1,Ceiling,False,272,Ceilings,Gypsum Board Ceiling,Gypsum Board Ceiling,Not Applicable,Medium: 234 - 285,ceilings_gypsum.csv,False
Ceilings,USG Boral,Decorative Gypsum Ceiling,Gypsum,Decorative Panel,60x60 cm,Reception,0.36,High,8.4,Piece,Area_m2/Coverage,1,Reception,True,325,Ceilings,Decorative Gypsum Ceiling,Decorative Gypsum Ceiling,Not Applicable,High: > 285,ceilings_gypsum.csv,False
Ceilings,USG,Gypsum Board Ceiling,Gypsum,Gypsum Board,12.5 mm / 120x240 cm,Full Ceiling,2.88,Low,8.7,Sheet,Area_m2/Coverage,1,Ceiling,False,202,Ceilings,Gypsum Board Ceiling,Gypsum Board Ceiling,Not Applicable,Low: <= 234,ceilings_gypsum.csv,False
Ceilings,USG,Decorative Gypsum Ceiling,Gypsum,Decorative Panel,60x60 cm,Reception,0.36,Medium,8.4,Piece,Area_m2/Coverage,1,Reception,True,268,Ceilings,Decorative Gypsum Ceiling,Decorative Gypsum Ceiling,Not Applicable,Medium: 234 - 285,ceilings_gypsum.csv,False
Ceilings,USG,Gypsum Board Ceiling,Gypsum,Gypsum Board,12.5 mm / 120x240 cm,Full Ceiling,2.88,Medium,8.7,Sheet,Area_m2/Coverage,1,Ceiling,False,260,Ceilings,Gypsum Board Ceiling,Gypsum Board Ceiling,Not Applicable,Medium: 234 - 285,ceilings_gypsum.csv,False
Ceilings,Knauf,Gypsum Board Ceiling,Gypsum,Gypsum Board,12.5 mm / 120x240 cm,Full Ceiling,2.88,High,8.7,Sheet,Area_m2/Coverage,1,Ceiling,False,336,Ceilings,Gypsum Board Ceiling,Gypsum Board Ceiling,Not Applicable,High: > 285,ceilings_gypsum.csv,False
Ceilings,USG,Decorative Gypsum Ceiling,Gypsum,Decorative Panel,60x60 cm,Reception,0.36,Low,8.4,Piece,Area_m2/Coverage,1,Reception,True,209,Ceilings,Decorative Gypsum Ceiling,Decorative Gypsum Ceiling,Not Applicable,Low: <= 234,ceilings_gypsum.csv,False
Ceilings,Siniat,Gypsum Board Ceiling,Gypsum,Gypsum Board,12.5 mm / 120x240 cm,Full Ceiling,2.88,High,8.7,Sheet,Area_m2/Coverage,1,Ceiling,False,289,Ceilings,Gypsum Board Ceiling,Gypsum Board Ceiling,Not Applicable,High: > 285,ceilings_gypsum.csv,False
Ceilings,Gyproc,Decorative Gypsum Ceiling,Gypsum,Decorative Panel,60x60 cm,Reception,0.36,High,8.4,Piece,Area_m2/Coverage,1,Reception,True,332,Ceilings,Decorative Gypsum Ceiling,Decorative Gypsum Ceiling,Not Applicable,High: > 285,ceilings_gypsum.csv,False
Ceilings,Siniat,Decorative Gypsum Ceiling,Gypsum,Decorative Panel,60x60 cm,Reception,0.36,Low,8.4,Piece,Area_m2/Coverage,1,Reception,True,183,Ceilings,Decorative Gypsum Ceiling,Decorative Gypsum Ceiling,Not Applicable,Low: <= 234,ceilings_gypsum.csv,False
Ceilings,Knauf,Gypsum Board Ceiling,Gypsum,Gypsum Board,12.5 mm / 120x240 cm,Full Ceiling,2.88,Low,8.7,Sheet,Area_m2/Coverage,1,Ceiling,False,199,Ceilings,Gypsum Board Ceiling,Gypsum Board Ceiling,Not Applicable,Low: <= 234,ceilings_gypsum.csv,False
Ceilings,Siniat,Decorative Gypsum Ceiling,Gypsum,Decorative Panel,60x60 cm,Reception,0.36,Medium,8.4,Piece,Area_m2/Coverage,1,Reception,True,243,Ceilings,Decorative Gypsum Ceiling,Decorative Gypsum Ceiling,Not Applicable,Medium: 234 - 285,ceilings_gypsum.csv,False
Ceilings,USG Boral,Gypsum Board Ceiling,Gypsum,Gypsum Board,12.5 mm / 120x240 cm,Full Ceiling,2.88,High,8.7,Sheet,Area_m2/Coverage,1,Ceiling,False,293,Ceilings,Gypsum Board Ceiling,Gypsum Board Ceiling,Not Applicable,High: > 285,ceilings_gypsum.csv,False
Ceilings,Siniat,Decorative Gypsum Ceiling,Gypsum,Decorative Panel,60x60 cm,Reception,0.36,Medium,8.4,Piece,Area_m2/Coverage,1,Reception,True,276,Ceilings,Decorative Gypsum Ceiling,Decorative Gypsum Ceiling,Not Applicable,Medium: 234 - 285,ceilings_gypsum.csv,False
Ceilings,USG Boral,Decorative Gypsum Ceiling,Gypsum,Decorative Panel,60x60 cm,Reception,0.36,Medium,8.4,Piece,Area_m2/Coverage,1,Reception,True,273,Ceilings,Decorative Gypsum Ceiling,Decorative Gypsum Ceiling,Not Applicable,Medium: 234 - 285,ceilings_gypsum.csv,False
Ceilings,USG Boral,Gypsum Board Ceiling,Gypsum,Gypsum Board,12.5 mm / 120x240 cm,Full Ceiling,2.88,Low,8.7,Sheet,Area_m2/Coverage,1,Ceiling,False,195,Ceilings,Gypsum Board Ceiling,Gypsum Board Ceiling,Not Applicable,Low: <= 234,ceilings_gypsum.csv,False
Ceilings,Knauf,Gypsum Board Ceiling,Gypsum,Gypsum Board,12.5 mm / 120x240 cm,Full Ceiling,2.88,Medium,8.7,Sheet,Area_m2/Coverage,1,Ceiling,False,259,Ceilings,Gypsum Board Ceiling,Gypsum Board Ceiling,Not Applicable,Medium: 234 - 285,ceilings_gypsum.csv,False
Ceilings,Siniat,Decorative Gypsum Ceiling,Gypsum,Decorative Panel,60x60 cm,Reception,0.36,Low,8.4,Piece,Area_m2/Coverage,1,Reception,True,207,Ceilings,Decorative Gypsum Ceiling,Decorative Gypsum Ceiling,Not Applicable,Low: <= 234,ceilings_gypsum.csv,False
Ceilings,Knauf,Gypsum Board Ceiling,Gypsum,Gypsum Board,12.5 mm / 120x240 cm,Full Ceiling,2.88,Low,8.7,Sheet,Area_m2/Coverage,1,Ceiling,False,183,Ceilings,Gypsum Board Ceiling,Gypsum Board Ceiling,Not Applicable,Low: <= 234,ceilings_gypsum.csv,False
Ceilings,USG,Gypsum Board Ceiling,Gypsum,Gypsum Board,12.5 mm / 120x240 cm,Full Ceiling,2.88,Medium,8.7,Sheet,Area_m2/Coverage,1,Ceiling,False,261,Ceilings,Gypsum Board Ceiling,Gypsum Board Ceiling,Not Applicable,Medium: 234 - 285,ceilings_gypsum.csv,False
Ceilings,Gyproc,Gypsum Board Ceiling,Gypsum,Gypsum Board,12.5 mm / 120x240 cm,Full Ceiling,2.88,High,8.7,Sheet,Area_m2/Coverage,1,Ceiling,False,290,Ceilings,Gypsum Board Ceiling,Gypsum Board Ceiling,Not Applicable,High: > 285,ceilings_gypsum.csv,False
Ceilings,USG Boral,Decorative Gypsum Ceiling,Gypsum,Decorative Panel,60x60 cm,Reception,0.36,High,8.4,Piece,Area_m2/Coverage,1,Reception,True,317,Ceilings,Decorative Gypsum Ceiling,Decorative Gypsum Ceiling,Not Applicable,High: > 285,ceilings_gypsum.csv,False
Ceilings,USG Boral,Decorative Gypsum Ceiling,Gypsum,Decorative Panel,60x60 cm,Reception,0.36,Low,8.4,Piece,Area_m2/Coverage,1,Reception,True,211,Ceilings,Decorative Gypsum Ceiling,Decorative Gypsum Ceiling,Not Applicable,Low: <= 234,ceilings_gypsum.csv,False
Ceilings,USG,Gypsum Board Ceiling,Gypsum,Gypsum Board,12.5 mm / 120x240 cm,Full Ceiling,2.88,High,8.7,Sheet,Area_m2/Coverage,1,Ceiling,False,324,Ceilings,Gypsum Board Ceiling,Gypsum Board Ceiling,Not Applicable,High: > 285,ceilings_gypsum.csv,False
Ceilings,USG Boral,Gypsum Board Ceiling,Gypsum,Gypsum Board,12.5 mm / 120x240 cm,Full Ceiling,2.88,High,8.7,Sheet,Area_m2/Coverage,1,Ceiling,False,295,Ceilings,Gypsum Board Ceiling,Gypsum Board Ceiling,Not Applicable,High: > 285,ceilings_gypsum.csv,False
Ceilings,Siniat,Decorative Gypsum Ceiling,Gypsum,Decorative Panel,60x60 cm,Reception,0.36,Low,8.4,Piece,Area_m2/Coverage,1,Reception,True,185,Ceilings,Decorative Gypsum Ceiling,Decorative Gypsum Ceiling,Not Applicable,Low: <= 234,ceilings_gypsum.csv,False
Ceilings,Knauf,Gypsum Board Ceiling,Gypsum,Gypsum Board,12.5 mm / 120x240 cm,Full Ceiling,2.88,High,8.7,Sheet,Area_m2/Coverage,1,Ceiling,False,340,Ceilings,Gypsum Board Ceiling,Gypsum Board Ceiling,Not Applicable,High: > 285,ceilings_gypsum.csv,False
Ceilings,Siniat,Decorative Gypsum Ceiling,Gypsum,Decorative Panel,60x60 cm,Reception,0.36,High,8.4,Piece,Area_m2/Coverage,1,Reception,True,317,Ceilings,Decorative Gypsum Ceiling,Decorative Gypsum Ceiling,Not Applicable,High: > 285,ceilings_gypsum.csv,False
Ceilings,USG Boral,Decorative Gypsum Ceiling,Gypsum,Decorative Panel,60x60 cm,Reception,0.36,Medium,8.4,Piece,Area_m2/Coverage,1,Reception,True,285,Ceilings,Decorative Gypsum Ceiling,Decorative Gypsum Ceiling,Not Applicable,Medium: 234 - 285,ceilings_gypsum.csv,False
Ceilings,Knauf,Decorative Gypsum Ceiling,Gypsum,Decorative Panel,60x60 cm,Reception,0.36,Medium,8.4,Piece,Area_m2/Coverage,1,Reception,True,242,Ceilings,Decorative Gypsum Ceiling,Decorative Gypsum Ceiling,Not Applicable,Medium: 234 - 285,ceilings_gypsum.csv,False
Ceilings,Siniat,Gypsum Board Ceiling,Gypsum,Gypsum Board,12.5 mm / 120x240 cm,Full Ceiling,2.88,Medium,8.7,Sheet,Area_m2/Coverage,1,Ceiling,False,280,Ceilings,Gypsum Board Ceiling,Gypsum Board Ceiling,Not Applicable,Medium: 234 - 285,ceilings_gypsum.csv,False
Ceilings,Siniat,Decorative Gypsum Ceiling,Gypsum,Decorative Panel,60x60 cm,Reception,0.36,Medium,8.4,Piece,Area_m2/Coverage,1,Reception,True,266,Ceilings,Decorative Gypsum Ceiling,Decorative Gypsum Ceiling,Not Applicable,Medium: 234 - 285,ceilings_gypsum.csv,False
Ceilings,Knauf,Decorative Gypsum Ceiling,Gypsum,Decorative Panel,60x60 cm,Reception,0.36,Low,8.4,Piece,Area_m2/Coverage,1,Reception,True,199,Ceilings,Decorative Gypsum Ceiling,Decorative Gypsum Ceiling,Not Applicable,Low: <= 234,ceilings_gypsum.csv,False
Ceilings,Siniat,Decorative Gypsum Ceiling,Gypsum,Decorative Panel,60x60 cm,Reception,0.36,High,8.4,Piece,Area_m2/Coverage,1,Reception,True,286,Ceilings,Decorative Gypsum Ceiling,Decorative Gypsum Ceiling,Not Applicable,High: > 285,ceilings_gypsum.csv,False
Ceilings,Knauf,Decorative Gypsum Ceiling,Gypsum,Decorative Panel,60x60 cm,Reception,0.36,High,8.4,Piece,Area_m2/Coverage,1,Reception,True,348,Ceilings,Decorative Gypsum Ceiling,Decorative Gypsum Ceiling,Not Applicable,High: > 285,ceilings_gypsum.csv,False
Ceilings,Knauf,Decorative Gypsum Ceiling,Gypsum,Decorative Panel,60x60 cm,Reception,0.36,High,8.4,Piece,Area_m2/Coverage,1,Reception,True,292,Ceilings,Decorative Gypsum Ceiling,Decorative Gypsum Ceiling,Not Applicable,High: > 285,ceilings_gypsum.csv,False
Ceilings,USG,Gypsum Board Ceiling,Gypsum,Gypsum Board,12.5 mm / 120x240 cm,Full Ceiling,2.88,Medium,8.7,Sheet,Area_m2/Coverage,1,Ceiling,False,244,Ceilings,Gypsum Board Ceiling,Gypsum Board Ceiling,Not Applicable,Medium: 234 - 285,ceilings_gypsum.csv,False
Ceilings,USG Boral,Decorative Gypsum Ceiling,Gypsum,Decorative Panel,60x60 cm,Reception,0.36,High,8.4,Piece,Area_m2/Coverage,1,Reception,True,308,Ceilings,Decorative Gypsum Ceiling,Decorative Gypsum Ceiling,Not Applicable,High: > 285,ceilings_gypsum.csv,False
Ceilings,USG,Decorative Gypsum Ceiling,Gypsum,Decorative Panel,60x60 cm,Reception,0.36,High,8.4,Piece,Area_m2/Coverage,1,Reception,True,321,Ceilings,Decorative Gypsum Ceiling,Decorative Gypsum Ceiling,Not Applicable,High: > 285,ceilings_gypsum.csv,False
Ceilings,Gyproc,Gypsum Board Ceiling,Gypsum,Gypsum Board,12.5 mm / 120x240 cm,Full Ceiling,2.88,Medium,8.7,Sheet,Area_m2/Coverage,1,Ceiling,False,270,Ceilings,Gypsum Board Ceiling,Gypsum Board Ceiling,Not Applicable,Medium: 234 - 285,ceilings_gypsum.csv,False
Ceilings,USG,Decorative Gypsum Ceiling,Gypsum,Decorative Panel,60x60 cm,Reception,0.36,Low,8.4,Piece,Area_m2/Coverage,1,Reception,True,180,Ceilings,Decorative Gypsum Ceiling,Decorative Gypsum Ceiling,Not Applicable,Low: <= 234,ceilings_gypsum.csv,False
Ceilings,USG,Gypsum Board Ceiling,Gypsum,Gypsum Board,12.5 mm / 120x240 cm,Full Ceiling,2.88,Low,8.7,Sheet,Area_m2/Coverage,1,Ceiling,False,205,Ceilings,Gypsum Board Ceiling,Gypsum Board Ceiling,Not Applicable,Low: <= 234,ceilings_gypsum.csv,False
Ceilings,USG Boral,Decorative Gypsum Ceiling,Gypsum,Decorative Panel,60x60 cm,Reception,0.36,Medium,8.4,Piece,Area_m2/Coverage,1,Reception,True,274,Ceilings,Decorative Gypsum Ceiling,Decorative Gypsum Ceiling,Not Applicable,Medium: 234 - 285,ceilings_gypsum.csv,False
Ceilings,Siniat,Decorative Gypsum Ceiling,Gypsum,Decorative Panel,60x60 cm,Reception,0.36,Medium,8.4,Piece,Area_m2/Coverage,1,Reception,True,236,Ceilings,Decorative Gypsum Ceiling,Decorative Gypsum Ceiling,Not Applicable,Medium: 234 - 285,ceilings_gypsum.csv,False
Ceilings,USG,Decorative Gypsum Ceiling,Gypsum,Decorative Panel,60x60 cm,Reception,0.36,Low,8.4,Piece,Area_m2/Coverage,1,Reception,True,212,Ceilings,Decorative Gypsum Ceiling,Decorative Gypsum Ceiling,Not Applicable,Low: <= 234,ceilings_gypsum.csv,False
Ceilings,USG,Gypsum Board Ceiling,Gypsum,Gypsum Board,12.5 mm / 120x240 cm,Full Ceiling,2.88,Medium,8.7,Sheet,Area_m2/Coverage,1,Ceiling,False,252,Ceilings,Gypsum Board Ceiling,Gypsum Board Ceiling,Not Applicable,Medium: 234 - 285,ceilings_gypsum.csv,False
Ceilings,Knauf,Gypsum Board Ceiling,Gypsum,Gypsum Board,12.5 mm / 120x240 cm,Full Ceiling,2.88,Low,8.7,Sheet,Area_m2/Coverage,1,Ceiling,False,194,Ceilings,Gypsum Board Ceiling,Gypsum Board Ceiling,Not Applicable,Low: <= 234,ceilings_gypsum.csv,False
Ceilings,Knauf,Gypsum Board Ceiling,Gypsum,Gypsum Board,12.5 mm / 120x240 cm,Full Ceiling,2.88,Medium,8.7,Sheet,Area_m2/Coverage,1,Ceiling,False,278,Ceilings,Gypsum Board Ceiling,Gypsum Board Ceiling,Not Applicable,Medium: 234 - 285,ceilings_gypsum.csv,False
Ceilings,USG,Decorative Gypsum Ceiling,Gypsum,Decorative Panel,60x60 cm,Reception,0.36,High,8.4,Piece,Area_m2/Coverage,1,Reception,True,342,Ceilings,Decorative Gypsum Ceiling,Decorative Gypsum Ceiling,Not Applicable,High: > 285,ceilings_gypsum.csv,False
Ceilings,Siniat,Gypsum Board Ceiling,Gypsum,Gypsum Board,12.5 mm / 120x240 cm,Full Ceiling,2.88,Low,8.7,Sheet,Area_m2/Coverage,1,Ceiling,False,183,Ceilings,Gypsum Board Ceiling,Gypsum Board Ceiling,Not Applicable,Low: <= 234,ceilings_gypsum.csv,False
Ceilings,USG,Gypsum Board Ceiling,Gypsum,Gypsum Board,12.5 mm / 120x240 cm,Full Ceiling,2.88,High,8.7,Sheet,Area_m2/Coverage,1,Ceiling,False,319,Ceilings,Gypsum Board Ceiling,Gypsum Board Ceiling,Not Applicable,High: > 285,ceilings_gypsum.csv,False
Ceilings,Gyproc,Gypsum Board Ceiling,Gypsum,Gypsum Board,12.5 mm / 120x240 cm,Full Ceiling,2.88,High,8.7,Sheet,Area_m2/Coverage,1,Ceiling,False,345,Ceilings,Gypsum Board Ceiling,Gypsum Board Ceiling,Not Applicable,High: > 285,ceilings_gypsum.csv,False
Ceilings,USG Boral,Gypsum Board Ceiling,Gypsum,Gypsum Board,12.5 mm / 120x240 cm,Full Ceiling,2.88,Low,8.7,Sheet,Area_m2/Coverage,1,Ceiling,False,185,Ceilings,Gypsum Board Ceiling,Gypsum Board Ceiling,Not Applicable,Low: <= 234,ceilings_gypsum.csv,False
Ceilings,Siniat,Gypsum Board Ceiling,Gypsum,Gypsum Board,12.5 mm / 120x240 cm,Full Ceiling,2.88,Medium,8.7,Sheet,Area_m2/Coverage,1,Ceiling,False,253,Ceilings,Gypsum Board Ceiling,Gypsum Board Ceiling,Not Applicable,Medium: 234 - 285,ceilings_gypsum.csv,False
Ceilings,USG,Gypsum Board Ceiling,Gypsum,Gypsum Board,12.5 mm / 120x240 cm,Full Ceiling,2.88,Low,8.7,Sheet,Area_m2/Coverage,1,Ceiling,False,204,Ceilings,Gypsum Board Ceiling,Gypsum Board Ceiling,Not Applicable,Low: <= 234,ceilings_gypsum.csv,False
Ceilings,USG,Gypsum Board Ceiling,Gypsum,Gypsum Board,12.5 mm / 120x240 cm,Full Ceiling,2.88,High,8.7,Sheet,Area_m2/Coverage,1,Ceiling,False,293,Ceilings,Gypsum Board Ceiling,Gypsum Board Ceiling,Not Applicable,High: > 285,ceilings_gypsum.csv,False
Ceilings,Gyproc,Decorative Gypsum Ceiling,Gypsum,Decorative Panel,60x60 cm,Reception,0.36,Medium,8.4,Piece,Area_m2/Coverage,1,Reception,True,253,Ceilings,Decorative Gypsum Ceiling,Decorative Gypsum Ceiling,Not Applicable,Medium: 234 - 285,ceilings_gypsum.csv,False
Ceilings,Gyproc,Gypsum Board Ceiling,Gypsum,Gypsum Board,12.5 mm / 120x240 cm,Full Ceiling,2.88,High,8.7,Sheet,Area_m2/Coverage,1,Ceiling,False,291,Ceilings,Gypsum Board Ceiling,Gypsum Board Ceiling,Not Applicable,High: > 285,ceilings_gypsum.csv,False
Ceilings,Siniat,Decorative Gypsum Ceiling,Gypsum,Decorative Panel,60x60 cm,Reception,0.36,Low,8.4,Piece,Area_m2/Coverage,1,Reception,True,212,Ceilings,Decorative Gypsum Ceiling,Decorative Gypsum Ceiling,Not Applicable,Low: <= 234,ceilings_gypsum.csv,False
Ceilings,Gyproc,Decorative Gypsum Ceiling,Gypsum,Decorative Panel,60x60 cm,Reception,0.36,Low,8.4,Piece,Area_m2/Coverage,1,Reception,True,186,Ceilings,Decorative Gypsum Ceiling,Decorative Gypsum Ceiling,Not Applicable,Low: <= 234,ceilings_gypsum.csv,False
Ceilings,USG,Gypsum Board Ceiling,Gypsum,Gypsum Board,12.5 mm / 120x240 cm,Full Ceiling,2.88,Low,8.7,Sheet,Area_m2/Coverage,1,Ceiling,False,196,Ceilings,Gypsum Board Ceiling,Gypsum Board Ceiling,Not Applicable,Low: <= 234,ceilings_gypsum.csv,False
Ceilings,Siniat,Decorative Gypsum Ceiling,Gypsum,Decorative Panel,60x60 cm,Reception,0.36,Low,8.4,Piece,Area_m2/Coverage,1,Reception,True,204,Ceilings,Decorative Gypsum Ceiling,Decorative Gypsum Ceiling,Not Applicable,Low: <= 234,ceilings_gypsum.csv,False
Ceilings,Siniat,Gypsum Board Ceiling,Gypsum,Gypsum Board,12.5 mm / 120x240 cm,Full Ceiling,2.88,Low,8.7,Sheet,Area_m2/Coverage,1,Ceiling,False,185,Ceilings,Gypsum Board Ceiling,Gypsum Board Ceiling,Not Applicable,Low: <= 234,ceilings_gypsum.csv,False
Ceilings,Knauf,Gypsum Board Ceiling,Gypsum,Gypsum Board,12.5 mm / 120x240 cm,Full Ceiling,2.88,Medium,8.7,Sheet,Area_m2/Coverage,1,Ceiling,False,245,Ceilings,Gypsum Board Ceiling,Gypsum Board Ceiling,Not Applicable,Medium: 234 - 285,ceilings_gypsum.csv,False
Ceilings,Knauf,Gypsum Board Ceiling,Gypsum,Gypsum Board,12.5 mm / 120x240 cm,Full Ceiling,2.88,Medium,8.7,Sheet,Area_m2/Coverage,1,Ceiling,False,280,Ceilings,Gypsum Board Ceiling,Gypsum Board Ceiling,Not Applicable,Medium: 234 - 285,ceilings_gypsum.csv,False
Ceilings,Knauf,Decorative Gypsum Ceiling,Gypsum,Decorative Panel,60x60 cm,Reception,0.36,High,8.4,Piece,Area_m2/Coverage,1,Reception,True,286,Ceilings,Decorative Gypsum Ceiling,Decorative Gypsum Ceiling,Not Applicable,High: > 285,ceilings_gypsum.csv,False
Ceilings,USG,Decorative Gypsum Ceiling,Gypsum,Decorative Panel,60x60 cm,Reception,0.36,Low,8.4,Piece,Area_m2/Coverage,1,Reception,True,182,Ceilings,Decorative Gypsum Ceiling,Decorative Gypsum Ceiling,Not Applicable,Low: <= 234,ceilings_gypsum.csv,False
Ceilings,Siniat,Gypsum Board Ceiling,Gypsum,Gypsum Board,12.5 mm / 120x240 cm,Full Ceiling,2.88,Low,8.7,Sheet,Area_m2/Coverage,1,Ceiling,False,188,Ceilings,Gypsum Board Ceiling,Gypsum Board Ceiling,Not Applicable,Low: <= 234,ceilings_gypsum.csv,False
Ceilings,Gyproc,Gypsum Board Ceiling,Gypsum,Gypsum Board,12.5 mm / 120x240 cm,Full Ceiling,2.88,Medium,8.7,Sheet,Area_m2/Coverage,1,Ceiling,False,282,Ceilings,Gypsum Board Ceiling,Gypsum Board Ceiling,Not Applicable,Medium: 234 - 285,ceilings_gypsum.csv,False
Ceilings,Knauf,Gypsum Board Ceiling,Gypsum,Gypsum Board,12.5 mm / 120x240 cm,Full Ceiling,2.88,Low,8.7,Sheet,Area_m2/Coverage,1,Ceiling,False,222,Ceilings,Gypsum Board Ceiling,Gypsum Board Ceiling,Not Applicable,Low: <= 234,ceilings_gypsum.csv,False
Ceilings,USG Boral,Decorative Gypsum Ceiling,Gypsum,Decorative Panel,60x60 cm,Reception,0.36,Low,8.4,Piece,Area_m2/Coverage,1,Reception,True,201,Ceilings,Decorative Gypsum Ceiling,Decorative Gypsum Ceiling,Not Applicable,Low: <= 234,ceilings_gypsum.csv,False
Ceilings,Siniat,Gypsum Board Ceiling,Gypsum,Gypsum Board,12.5 mm / 120x240 cm,Full Ceiling,2.88,Low,8.7,Sheet,Area_m2/Coverage,1,Ceiling,False,216,Ceilings,Gypsum Board Ceiling,Gypsum Board Ceiling,Not Applicable,Low: <= 234,ceilings_gypsum.csv,False
